TICKET;EMPRESA;SETOR;SEGMENTO
AALR3;CENTRO DE IMAGEM DIAGNOSTICOS S.A.;Saúde;Serv.Méd.Hospit..Análises e Diagnósticos
ABCB4;BCO ABC BRASIL S.A.;Financeiro;Bancos
ABEV3;AMBEV S.A.;Consumo não Cíclico;Cervejas e Refrigerantes
ADHM3;ADVANCED DIGITAL HEALTH MEDICINA PREVENTIVA S.A.;Saúde;Serv.Méd.Hospit..Análises e Diagnósticos
AERI3;AERIS IND. E COM. DE EQUIP. GERACAO DE ENERGIA S/A;Bens Industriais;Máq. e Equip. Industriais
AESB3;AES BRASIL ENERGIA S.A.;Utilidade Pública;Energia Elétrica
AFLT3;AFLUENTE TRANSMISSÃO DE ENERGIA ELÉTRICA S/A;Utilidade Pública;Energia Elétrica
AGRO3;BRASILAGRO - CIA BRAS DE PROP AGRICOLAS;Consumo não Cíclico;Agricultura
AHEB3;SAO PAULO TURISMO S.A.;Consumo Cíclico;Produção de Eventos e Shows
AHEB5;SAO PAULO TURISMO S.A.;Consumo Cíclico;Produção de Eventos e Shows
AHEB6;SAO PAULO TURISMO S.A.;Consumo Cíclico;Produção de Eventos e Shows
ALLD3;ALLIED TECNOLOGIA S.A.;Consumo Cíclico;Eletrodomésticos
ALPA3;ALPARGATAS S.A.;Consumo Cíclico;Calçados
ALPA4;ALPARGATAS S.A.;Consumo Cíclico;Calçados
ALPK3;ALLPARK EMPREENDIMENTOS PARTICIPACOES SERVICOS S.A;Bens Industriais;Serviços Diversos
ALSO3;ALIANSCE SONAE SHOPPING CENTERS S.A.;Financeiro;Exploração de Imóveis
ALUP11;ALUPAR INVESTIMENTO S/A;Utilidade Pública;Energia Elétrica
ALUP3;ALUPAR INVESTIMENTO S/A;Utilidade Pública;Energia Elétrica
ALUP4;ALUPAR INVESTIMENTO S/A;Utilidade Pública;Energia Elétrica
AMAR3;MARISA LOJAS S.A.;Consumo Cíclico;Tecidos. Vestuário e Calçados
AMBP3;AMBIPAR PARTICIPACOES E EMPREENDIMENTOS S/A;Utilidade Pública;água e Saneamento
ANIM3;ANIMA HOLDING S.A.;Consumo Cíclico;Serviços Educacionais
APER3;ALPER CONSULTORIA E CORRETORA DE SEGUROS S.A.;Financeiro;Corretoras de Seguros
ARZZ3;AREZZO INDÚSTRIA E COMÉRCIO S.A.;Consumo Cíclico;Tecidos. Vestuário e Calçados
ASAI3;SENDAS DISTRIBUIDORA S.A.;Consumo não Cíclico;Alimentos
ATMP3;ATMA PARTICIPAÇÕES S.A.;Bens Industriais;Serviços Diversos
ATOM3;ATOM EMPREENDIMENTOS E PARTICIPAÇÕES S.A.;Outros;Outros
AVLL3;ALPHAVILLE S.A.;Consumo Cíclico;Incorporações
AZEV3;AZEVEDO E TRAVASSOS S.A.;Bens Industriais;Construção Pesada
AZEV4;AZEVEDO E TRAVASSOS S.A.;Bens Industriais;Construção Pesada
AZUL4;AZUL S.A.;Bens Industriais;Transporte Aéreo
B3SA3;B3 S.A. - BRASIL. BOLSA. BALCÃO;Financeiro;Serviços Financeiros Diversos
BAHI3;BAHEMA EDUCAÇÃO S.A.;Consumo Cíclico;Serviços Educacionais
BALM3;BAUMER S.A.;Saúde;Equipamentos
BALM4;BAUMER S.A.;Saúde;Equipamentos
BAUH4;EXCELSIOR ALIMENTOS S.A.;Consumo não Cíclico;Carnes e Derivados
BAZA3;BCO AMAZONIA S.A.;Financeiro;Bancos
BBAS3;BCO BRASIL S.A.;Financeiro;Bancos
BBDC3;BCO BRADESCO S.A.;Financeiro;Bancos
BBDC4;BCO BRADESCO S.A.;Financeiro;Bancos
BBRK3;BRASIL BROKERS PARTICIPACOES S.A.;Financeiro;Intermediação Imobiliária
BBSE3;BB SEGURIDADE PARTICIPAÇÕES S.A.;Financeiro;Seguradoras
BDLL3;BARDELLA S.A. INDUSTRIAS MECANICAS;Bens Industriais;Máq. e Equip. Industriais
BDLL4;BARDELLA S.A. INDUSTRIAS MECANICAS;Bens Industriais;Máq. e Equip. Industriais
BEEF3;MINERVA S.A.;Consumo não Cíclico;Carnes e Derivados
BEES3;BANESTES S.A. - BCO EST ESPIRITO SANTO;Financeiro;Bancos
BEES4;BANESTES S.A. - BCO EST ESPIRITO SANTO;Financeiro;Bancos
BGIP3;BCO ESTADO DE SERGIPE S.A. - BANESE;Financeiro;Bancos
BGIP4;BCO ESTADO DE SERGIPE S.A. - BANESE;Financeiro;Bancos
BIDI11;BANCO INTER S.A.;Financeiro;Bancos
BIDI3;BANCO INTER S.A.;Financeiro;Bancos
BIDI4;BANCO INTER S.A.;Financeiro;Bancos
BIOM3;BIOMM S.A.;Saúde;Medicamentos e Outros Produtos
BKBR3;BK BRASIL OPERAÇÃO E ASSESSORIA A RESTAURANTES SA;Consumo Cíclico;Restaurante e Similares
BLAU3;BLAU FARMACÊUTICA S.A.;Saúde;Medicamentos e Outros Produtos
BMEB3;BCO MERCANTIL DO BRASIL S.A.;Financeiro;Bancos
BMEB4;BCO MERCANTIL DO BRASIL S.A.;Financeiro;Bancos
BMGB4;BANCO BMG S.A.;Financeiro;Bancos
BMIN3;BCO MERCANTIL DE INVESTIMENTOS S.A.;Financeiro;Bancos
BMIN4;BCO MERCANTIL DE INVESTIMENTOS S.A.;Financeiro;Bancos
BMKS3;BICICLETAS MONARK S.A.;Consumo Cíclico;Bicicletas
BMOB3;BEMOBI MOBILE TECH S.A.;Tecnologia da Informação;Programas e Serviços
BNBR3;BCO NORDESTE DO BRASIL S.A.;Financeiro;Bancos
BOAS3;BOA VISTA SERVIÇOS S.A.;Financeiro;Serviços Financeiros Diversos
BOBR3;BOMBRIL S.A.;Consumo não Cíclico;Produtos de Limpeza
BOBR4;BOMBRIL S.A.;Consumo não Cíclico;Produtos de Limpeza
BPAC11;BCO BTG PACTUAL S.A.;Financeiro;Bancos
BPAC3;BCO BTG PACTUAL S.A.;Financeiro;Bancos
BPAC5;BCO BTG PACTUAL S.A.;Financeiro;Bancos
BPAN4;BCO PAN S.A.;Financeiro;Bancos
BRAP3;BRADESPAR S.A.;Materiais Básicos;Minerais Metálicos
BRAP4;BRADESPAR S.A.;Materiais Básicos;Minerais Metálicos
BRFS3;BRF S.A.;Consumo não Cíclico;Carnes e Derivados
BRGE11;CONSORCIO ALFA DE ADMINISTRACAO S.A.;Financeiro;Seguradoras
BRGE12;CONSORCIO ALFA DE ADMINISTRACAO S.A.;Financeiro;Seguradoras
BRGE3;CONSORCIO ALFA DE ADMINISTRACAO S.A.;Financeiro;Seguradoras
BRGE5;CONSORCIO ALFA DE ADMINISTRACAO S.A.;Financeiro;Seguradoras
BRGE6;CONSORCIO ALFA DE ADMINISTRACAO S.A.;Financeiro;Seguradoras
BRGE8;CONSORCIO ALFA DE ADMINISTRACAO S.A.;Financeiro;Seguradoras
BRIV3;BCO ALFA DE INVESTIMENTO S.A.;Financeiro;Bancos
BRIV4;BCO ALFA DE INVESTIMENTO S.A.;Financeiro;Bancos
BRKM3;BRASKEM S.A.;Materiais Básicos;Petroquímicos
BRKM5;BRASKEM S.A.;Materiais Básicos;Petroquímicos
BRKM6;BRASKEM S.A.;Materiais Básicos;Petroquímicos
BRML3;BR MALLS PARTICIPACOES S.A.;Financeiro;Exploração de Imóveis
BRPR3;BR PROPERTIES S.A.;Financeiro;Exploração de Imóveis
BRSR3;BCO ESTADO DO RIO GRANDE DO SUL S.A.;Financeiro;Bancos
BRSR5;BCO ESTADO DO RIO GRANDE DO SUL S.A.;Financeiro;Bancos
BRSR6;BCO ESTADO DO RIO GRANDE DO SUL S.A.;Financeiro;Bancos
BSLI3;BRB BCO DE BRASILIA S.A.;Financeiro;Bancos
BSLI4;BRB BCO DE BRASILIA S.A.;Financeiro;Bancos
CALI3;CONSTRUTORA ADOLPHO LINDENBERG S.A.;Consumo Cíclico;Incorporações
CALI4;CONSTRUTORA ADOLPHO LINDENBERG S.A.;Consumo Cíclico;Incorporações
CAMB3;CAMBUCI S.A.;Consumo Cíclico;Calçados
CAML3;CAMIL ALIMENTOS S.A.;Consumo não Cíclico;Alimentos Diversos
CARD3;CSU CARDSYSTEM S.A.;Financeiro;Serviços Financeiros Diversos
CASH3;MÉLIUZ S.A.;Tecnologia da Informação;Programas e Serviços
CASN3;CIA CATARINENSE DE AGUAS E SANEAM.-CASAN;Utilidade Pública;água e Saneamento
CASN4;CIA CATARINENSE DE AGUAS E SANEAM.-CASAN;Utilidade Pública;água e Saneamento
CBEE3;AMPLA ENERGIA E SERVICOS S.A.;Utilidade Pública;Energia Elétrica
CCRO3;CCR S.A.;Bens Industriais;Exploração de Rodovias
CEAB3;CEA MODAS S.A.;Consumo Cíclico;Tecidos. Vestuário e Calçados
CEBR3;CIA ENERGETICA DE BRASILIA;Utilidade Pública;Energia Elétrica
CEBR5;CIA ENERGETICA DE BRASILIA;Utilidade Pública;Energia Elétrica
CEBR6;CIA ENERGETICA DE BRASILIA;Utilidade Pública;Energia Elétrica
CEDO3;CIA FIACAO TECIDOS CEDRO CACHOEIRA;Consumo Cíclico;Fios e Tecidos
CEDO4;CIA FIACAO TECIDOS CEDRO CACHOEIRA;Consumo Cíclico;Fios e Tecidos
CEEB3;CIA ELETRICIDADE EST. DA BAHIA - COELBA;Utilidade Pública;Energia Elétrica
CEEB5;CIA ELETRICIDADE EST. DA BAHIA - COELBA;Utilidade Pública;Energia Elétrica
CEED3;CIA ESTADUAL DE DISTRIB ENER ELET-CEEE-D;Utilidade Pública;Energia Elétrica
CEED4;CIA ESTADUAL DE DISTRIB ENER ELET-CEEE-D;Utilidade Pública;Energia Elétrica
CEGR3;CIA DISTRIB DE GAS DO RIO DE JANEIRO-CEG;Utilidade Pública;Gás
CEPE3;CIA ENERGETICA DE PERNAMBUCO - CELPE;Utilidade Pública;Energia Elétrica
CEPE5;CIA ENERGETICA DE PERNAMBUCO - CELPE;Utilidade Pública;Energia Elétrica
CEPE6;CIA ENERGETICA DE PERNAMBUCO - CELPE;Utilidade Pública;Energia Elétrica
CGAS3;CIA GAS DE SAO PAULO - COMGAS;Utilidade Pública;Gás
CGAS5;CIA GAS DE SAO PAULO - COMGAS;Utilidade Pública;Gás
CGRA3;GRAZZIOTIN S.A.;Consumo Cíclico;Tecidos. Vestuário e Calçados
CGRA4;GRAZZIOTIN S.A.;Consumo Cíclico;Tecidos. Vestuário e Calçados
CIEL3;CIELO S.A.;Financeiro;Serviços Financeiros Diversos
CLSC3;CENTRAIS ELET DE SANTA CATARINA S.A.;Utilidade Pública;Energia Elétrica
CLSC4;CENTRAIS ELET DE SANTA CATARINA S.A.;Utilidade Pública;Energia Elétrica
CMIG3;CIA ENERGETICA DE MINAS GERAIS - CEMIG;Utilidade Pública;Energia Elétrica
CMIG4;CIA ENERGETICA DE MINAS GERAIS - CEMIG;Utilidade Pública;Energia Elétrica
CMIN3;CSN MINERAÇÃO S.A.;Materiais Básicos;Minerais Metálicos
COCE3;CIA ENERGETICA DO CEARA - COELCE;Utilidade Pública;Energia Elétrica
COCE5;CIA ENERGETICA DO CEARA - COELCE;Utilidade Pública;Energia Elétrica
COGN3;COGNA EDUCAÇÃO S.A.;Consumo Cíclico;Serviços Educacionais
CORR4;CORREA RIBEIRO S.A. COMERCIO E INDUSTRIA;Financeiro;Exploração de Imóveis
CPFE3;CPFL ENERGIA S.A.;Utilidade Pública;Energia Elétrica
CPLE3;CIA PARANAENSE DE ENERGIA - COPEL;Utilidade Pública;Energia Elétrica
CPLE5;CIA PARANAENSE DE ENERGIA - COPEL;Utilidade Pública;Energia Elétrica
CPLE6;CIA PARANAENSE DE ENERGIA - COPEL;Utilidade Pública;Energia Elétrica
CRDE3;CR2 EMPREENDIMENTOS IMOBILIARIOS S.A.;Consumo Cíclico;Incorporações
CRFB3;ATACADÃO S.A.;Consumo não Cíclico;Alimentos
CRIV3;FINANCEIRA ALFA S.A.- CRED FINANC E INVS;Financeiro;Soc. Crédito e Financiamento
CRIV4;FINANCEIRA ALFA S.A.- CRED FINANC E INVS;Financeiro;Soc. Crédito e Financiamento
CRPG3;TRONOX PIGMENTOS DO BRASIL S.A.;Materiais Básicos;Químicos Diversos
CRPG5;TRONOX PIGMENTOS DO BRASIL S.A.;Materiais Básicos;Químicos Diversos
CRPG6;TRONOX PIGMENTOS DO BRASIL S.A.;Materiais Básicos;Químicos Diversos
CSAB3;CIA SEGUROS ALIANCA DA BAHIA;Financeiro;Seguradoras
CSAB4;CIA SEGUROS ALIANCA DA BAHIA;Financeiro;Seguradoras
CSAN3;COSAN S.A.;Petróleo. Gás e Biocombustíveis;Exploração. Refino e Distribuição
CSED3;CRUZEIRO DO SUL EDUCACIONAL S.A.;Consumo Cíclico;Serviços Educacionais
CSMG3;CIA SANEAMENTO DE MINAS GERAIS-COPASA MG;Utilidade Pública;água e Saneamento
CSNA3;CIA SIDERURGICA NACIONAL;Materiais Básicos;Siderurgia
CSRN3;CIA ENERGETICA DO RIO GDE NORTE - COSERN;Utilidade Pública;Energia Elétrica
CSRN5;CIA ENERGETICA DO RIO GDE NORTE - COSERN;Utilidade Pública;Energia Elétrica
CSRN6;CIA ENERGETICA DO RIO GDE NORTE - COSERN;Utilidade Pública;Energia Elétrica
CTKA3;KARSTEN S.A.;Consumo Cíclico;Fios e Tecidos
CTKA4;KARSTEN S.A.;Consumo Cíclico;Fios e Tecidos
CTNM3;CIA TECIDOS NORTE DE MINAS COTEMINAS;Consumo Cíclico;Fios e Tecidos
CTNM4;CIA TECIDOS NORTE DE MINAS COTEMINAS;Consumo Cíclico;Fios e Tecidos
CTSA3;CIA TECIDOS SANTANENSE;Consumo Cíclico;Fios e Tecidos
CTSA4;CIA TECIDOS SANTANENSE;Consumo Cíclico;Fios e Tecidos
CURY3;CURY CONSTRUTORA E INCORPORADORA S.A.;Consumo Cíclico;Incorporações
CVCB3;CVC BRASIL OPERADORA E AGÊNCIA DE VIAGENS S.A.;Consumo Cíclico;Viagens e Turismo
CXSE3;CAIXA SEGURIDADE PARTICIPAÇÕES S.A.;Financeiro;Seguradoras
CYRE3;CYRELA BRAZIL REALTY S.A.EMPREEND E PART;Consumo Cíclico;Incorporações
DASA3;DIAGNOSTICOS DA AMERICA S.A.;Saúde;Serv.Méd.Hospit..Análises e Diagnósticos
DEXP3;DEXXOS PARTICIPACOES S.A.;Materiais Básicos;Petroquímicos
DEXP4;DEXXOS PARTICIPACOES S.A.;Materiais Básicos;Petroquímicos
DIRR3;DIRECIONAL ENGENHARIA S.A.;Consumo Cíclico;Incorporações
DMMO3;DOMMO ENERGIA S.A.;Petróleo. Gás e Biocombustíveis;Exploração. Refino e Distribuição
DMVF3;D1000 VAREJO FARMA PARTICIPAÇÕES S.A.;Saúde;Medicamentos e Outros Produtos
DOHL3;DOHLER S.A.;Consumo Cíclico;Fios e Tecidos
DOHL4;DOHLER S.A.;Consumo Cíclico;Fios e Tecidos
DOTZ3;Dotz S.A.;Consumo Cíclico;Programas de Fidelização
DTCY3;DTCOM - DIRECT TO COMPANY S.A.;Bens Industriais;Serviços Diversos
EALT3;ELECTRO ACO ALTONA S.A.;Bens Industriais;Máq. e Equip. Industriais
EALT4;ELECTRO ACO ALTONA S.A.;Bens Industriais;Máq. e Equip. Industriais
ECOR3;ECORODOVIAS INFRAESTRUTURA E LOGÍSTICA S.A.;Bens Industriais;Exploração de Rodovias
ECPR3;EMPRESA NAC COM REDITO PART S.A.ENCORPAR;Consumo Cíclico;Fios e Tecidos
ECPR4;EMPRESA NAC COM REDITO PART S.A.ENCORPAR;Consumo Cíclico;Fios e Tecidos
EEEL3;CIA ESTADUAL GER.TRANS.ENER.ELET-CEEE-GT;Utilidade Pública;Energia Elétrica
EEEL4;CIA ESTADUAL GER.TRANS.ENER.ELET-CEEE-GT;Utilidade Pública;Energia Elétrica
EGIE3;ENGIE BRASIL ENERGIA S.A.;Utilidade Pública;Energia Elétrica
EKTR3;ELEKTRO REDES S.A.;Utilidade Pública;Energia Elétrica
EKTR4;ELEKTRO REDES S.A.;Utilidade Pública;Energia Elétrica
ELET3;CENTRAIS ELET BRAS S.A. - ELETROBRAS;Utilidade Pública;Energia Elétrica
ELET5;CENTRAIS ELET BRAS S.A. - ELETROBRAS;Utilidade Pública;Energia Elétrica
ELET6;CENTRAIS ELET BRAS S.A. - ELETROBRAS;Utilidade Pública;Energia Elétrica
ELMD3;ELETROMIDIA S.A.;Comunicações;Publicidade e Propaganda
EMAE3;EMAE - EMPRESA METROP.AGUAS ENERGIA S.A.;Utilidade Pública;Energia Elétrica
EMAE4;EMAE - EMPRESA METROP.AGUAS ENERGIA S.A.;Utilidade Pública;Energia Elétrica
EMBR3;EMBRAER S.A.;Bens Industriais;Material Aeronáutico e de Defesa
ENAT3;ENAUTA PARTICIPAÇÕES S.A.;Petróleo. Gás e Biocombustíveis;Exploração. Refino e Distribuição
ENBR3;EDP - ENERGIAS DO BRASIL S.A.;Utilidade Pública;Energia Elétrica
ENEV3;ENEVA S.A;Utilidade Pública;Energia Elétrica
ENGI11;ENERGISA S.A.;Utilidade Pública;Energia Elétrica
ENGI3;ENERGISA S.A.;Utilidade Pública;Energia Elétrica
ENGI4;ENERGISA S.A.;Utilidade Pública;Energia Elétrica
ENJU3;ENJOEI S.A.;Tecnologia da Informação;Programas e Serviços
ENMT3;ENERGISA MATO GROSSO-DISTRIBUIDORA DE ENERGIA S/A;Utilidade Pública;Energia Elétrica
ENMT4;ENERGISA MATO GROSSO-DISTRIBUIDORA DE ENERGIA S/A;Utilidade Pública;Energia Elétrica
EQMA3B;EQUATORIAL MARANHÃO DISTRIBUIDORA DE ENERGIA S.A.;Utilidade Pública;Energia Elétrica
EQPA3;EQUATORIAL PARA DISTRIBUIDORA DE ENERGIA S.A.;Utilidade Pública;Energia Elétrica
EQPA5;EQUATORIAL PARA DISTRIBUIDORA DE ENERGIA S.A.;Utilidade Pública;Energia Elétrica
EQPA6;EQUATORIAL PARA DISTRIBUIDORA DE ENERGIA S.A.;Utilidade Pública;Energia Elétrica
EQPA7;EQUATORIAL PARA DISTRIBUIDORA DE ENERGIA S.A.;Utilidade Pública;Energia Elétrica
EQTL3;EQUATORIAL ENERGIA S.A.;Utilidade Pública;Energia Elétrica
ESPA3;MPM CORPÓREOS S.A.;Consumo Cíclico;Produtos Diversos
ESTR3;MANUFATURA DE BRINQUEDOS ESTRELA S.A.;Consumo Cíclico;Brinquedos e Jogos
ESTR4;MANUFATURA DE BRINQUEDOS ESTRELA S.A.;Consumo Cíclico;Brinquedos e Jogos
ETER3;ETERNIT S.A.;Bens Industriais;Produtos para Construção
EUCA3;EUCATEX S.A. INDUSTRIA E COMERCIO;Materiais Básicos;Madeira
EUCA4;EUCATEX S.A. INDUSTRIA E COMERCIO;Materiais Básicos;Madeira
EVEN3;EVEN CONSTRUTORA E INCORPORADORA S.A.;Consumo Cíclico;Incorporações
EZTC3;EZ TEC EMPREEND. E PARTICIPACOES S.A.;Consumo Cíclico;Incorporações
FESA3;CIA FERRO LIGAS DA BAHIA - FERBASA;Materiais Básicos;Siderurgia
FESA4;CIA FERRO LIGAS DA BAHIA - FERBASA;Materiais Básicos;Siderurgia
FHER3;FERTILIZANTES HERINGER S.A.;Materiais Básicos;Fertilizantes e Defensivos
FIGE3;INVESTIMENTOS BEMGE S.A.;Outros;Outros
FIGE4;INVESTIMENTOS BEMGE S.A.;Outros;Outros
FLRY3;FLEURY S.A.;Saúde;Serv.Méd.Hospit..Análises e Diagnósticos
FNCN3;FINANSINOS S.A.- CREDITO FINANC E INVEST;Financeiro;Soc. Crédito e Financiamento
FRAS3;FRAS-LE S.A.;Bens Industriais;Material Rodoviário
FRIO3;METALFRIO SOLUTIONS S.A.;Bens Industriais;Máq. e Equip. Industriais
FRTA3;POMIFRUTAS S/A;Consumo não Cíclico;Agricultura
GEPA3;RIO PARANAPANEMA ENERGIA S.A.;Utilidade Pública;Energia Elétrica
GEPA4;RIO PARANAPANEMA ENERGIA S.A.;Utilidade Pública;Energia Elétrica
GFSA3;GAFISA S.A.;Consumo Cíclico;Incorporações
GGBR4;GERDAU S.A.;Materiais Básicos;Siderurgia
GGPS3;GPS PARTICIPACOES E EMPREENDIMENTOS S.A.;Bens Industriais;Serviços Diversos
GMAT3;GRUPO MATEUS S.A.;Consumo não Cíclico;Alimentos
GOAU3;METALURGICA GERDAU S.A.;Materiais Básicos;Siderurgia
GOAU4;METALURGICA GERDAU S.A.;Materiais Básicos;Siderurgia
GOLL4;GOL LINHAS AEREAS INTELIGENTES S.A.;Bens Industriais;Transporte Aéreo
GPAR3;CIA CELG DE PARTICIPACOES - CELGPAR;Utilidade Pública;Energia Elétrica
GPIV33;GP INVESTMENTS. LTD.;Financeiro;Gestão de Recursos e Investimentos
GRND3;GRENDENE S.A.;Consumo Cíclico;Calçados
GSHP3;GENERAL SHOPPING E OUTLETS DO BRASIL S.A.;Financeiro;Exploração de Imóveis
GUAR3;GUARARAPES CONFECCOES S.A.;Consumo Cíclico;Tecidos. Vestuário e Calçados
HAGA3;HAGA S.A. INDUSTRIA E COMERCIO;Bens Industriais;Produtos para Construção
HAGA4;HAGA S.A. INDUSTRIA E COMERCIO;Bens Industriais;Produtos para Construção
HBOR3;HELBOR EMPREENDIMENTOS S.A.;Consumo Cíclico;Incorporações
HBRE3;HBR REALTY EMPREENDIMENTOS IMOBILIARIOS S/A;Financeiro;Exploração de Imóveis
HBSA3;HIDROVIAS DO BRASIL S.A.;Bens Industriais;Transporte Hidroviário
HBTS5;CIA HABITASUL DE PARTICIPACOES;Financeiro;Exploração de Imóveis
HETA3;HERCULES S.A. FABRICA DE TALHERES;Consumo Cíclico;Utensílios Domésticos
HETA4;HERCULES S.A. FABRICA DE TALHERES;Consumo Cíclico;Utensílios Domésticos
HOOT4;HOTEIS OTHON S.A.;Consumo Cíclico;Hotelaria
HYPE3;HYPERA S.A.;Saúde;Medicamentos e Outros Produtos
IFCM3;INFRACOMMERCE CXAAS S.A.;Tecnologia da Informação;Programas e Serviços
IGBR3;IGB ELETRÔNICA S/A;Financeiro;Exploração de Imóveis
INEP3;INEPAR S.A. INDUSTRIA E CONSTRUCOES;Bens Industriais;Máq. e Equip. Industriais
INEP4;INEPAR S.A. INDUSTRIA E CONSTRUCOES;Bens Industriais;Máq. e Equip. Industriais
INTB3;INTELBRAS S.A. IND DE TELEC ELETRONICA BRASILEIRA;Tecnologia da Informação;Computadores e Equipamentos
IRBR3;IRB - BRASIL RESSEGUROS S.A.;Financeiro;Seguradoras
ITSA3;ITAUSA S.A.;Financeiro;Bancos
ITSA4;ITAUSA S.A.;Financeiro;Bancos
ITUB3;ITAU UNIBANCO HOLDING S.A.;Financeiro;Bancos
ITUB4;ITAU UNIBANCO HOLDING S.A.;Financeiro;Bancos
JALL3;JALLES MACHADO S.A.;Consumo não Cíclico;Açucar e Alcool
JBSS3;JBS S.A.;Consumo não Cíclico;Carnes e Derivados
JFEN3;JOAO FORTES ENGENHARIA S.A.;Consumo Cíclico;Incorporações
JHSF3;JHSF PARTICIPACOES S.A.;Consumo Cíclico;Incorporações
JOPA3;JOSAPAR-JOAQUIM OLIVEIRA S.A. - PARTICIP;Consumo não Cíclico;Alimentos Diversos
JOPA4;JOSAPAR-JOAQUIM OLIVEIRA S.A. - PARTICIP;Consumo não Cíclico;Alimentos Diversos
JSLG3;JSL S.A.;Bens Industriais;Transporte Rodoviário
KEPL3;KEPLER WEBER S.A.;Bens Industriais;Máq. e Equip. Industriais
KLBN11;KLABIN S.A.;Materiais Básicos;Papel e Celulose
KLBN3;KLABIN S.A.;Materiais Básicos;Papel e Celulose
KLBN4;KLABIN S.A.;Materiais Básicos;Papel e Celulose
LCAM3;CIA LOCAÇÃO DAS AMÉRICAS;Consumo Cíclico;Aluguel de carros
LEVE3;MAHLE-METAL LEVE S.A.;Consumo Cíclico;Automóveis e Motocicletas
LIGT3;LIGHT S.A.;Utilidade Pública;Energia Elétrica
LIPR3;ELETROBRÁS PARTICIPAÇÕES S.A. - ELETROPAR;Utilidade Pública;Energia Elétrica
LJQQ3;LOJAS QUERO-QUERO S/A;Consumo Cíclico;Produtos Diversos
LLIS3;RESTOQUE COMÉRCIO E CONFECÇÕES DE ROUPAS S.A.;Consumo Cíclico;Tecidos. Vestuário e Calçados
LOGG3;LOG COMMERCIAL PROPERTIES;Financeiro;Exploração de Imóveis
LOGN3;LOG-IN LOGISTICA INTERMODAL S.A.;Bens Industriais;Transporte Hidroviário
LPSB3;LPS BRASIL - CONSULTORIA DE IMOVEIS S.A.;Financeiro;Intermediação Imobiliária
LREN3;LOJAS RENNER S.A.;Consumo Cíclico;Tecidos. Vestuário e Calçados
LUPA3;LUPATECH S.A.;Petróleo. Gás e Biocombustíveis;Equipamentos e Serviços
LUXM3;TREVISA INVESTIMENTOS S.A.;Bens Industriais;Transporte Hidroviário
LUXM4;TREVISA INVESTIMENTOS S.A.;Bens Industriais;Transporte Hidroviário
LWSA3;LOCAWEB SERVIÇOS DE INTERNET S.A.;Tecnologia da Informação;Programas e Serviços
MAPT3;CEMEPE INVESTIMENTOS S.A.;Outros;Outros
MAPT4;CEMEPE INVESTIMENTOS S.A.;Outros;Outros
MATD3;HOSPITAL MATER DEI S/A;Saúde;Serv.Méd.Hospit..Análises e Diagnósticos
MBLY3;Mobly S.A.;Tecnologia da Informação;Programas e Serviços
MDIA3;M.DIAS BRANCO S.A. IND COM DE ALIMENTOS;Consumo não Cíclico;Alimentos Diversos
MDNE3;MOURA DUBEUX ENGENHARIA S/A;Consumo Cíclico;Incorporações
MEAL3;INTERNATIONAL MEAL COMPANY ALIMENTACAO S.A.;Consumo Cíclico;Restaurante e Similares
MELK3;MELNICK DESENVOLVIMENTO IMOBILIÁRIO S.A.;Consumo Cíclico;Incorporações
MERC3;MERCANTIL BRASIL FINANC S.A. C.F.I.;Financeiro;Soc. Crédito e Financiamento
MERC4;MERCANTIL BRASIL FINANC S.A. C.F.I.;Financeiro;Soc. Crédito e Financiamento
MGEL4;MANGELS INDUSTRIAL S.A.;Materiais Básicos;Artefatos de Ferro e Aço
MGLU3;MAGAZINE LUIZA S.A.;Consumo Cíclico;Eletrodomésticos
MILS3;MILLS ESTRUTURAS E SERVIÇOS DE ENGENHARIA S.A.;Bens Industriais;Serviços Diversos
MMXM3;MMX MINERACAO E METALICOS S.A.;Materiais Básicos;Minerais Metálicos
MNDL3;MUNDIAL S.A. - PRODUTOS DE CONSUMO;Consumo Cíclico;Acessórios
MNPR3;MINUPAR PARTICIPACOES S.A.;Consumo não Cíclico;Carnes e Derivados
MOAR3;MONTEIRO ARANHA S.A.;Financeiro;Holdings Diversificadas
MODL11;BANCO MODAL S.A;Financeiro;Bancos
MODL3;BANCO MODAL S.A;Financeiro;Bancos
MODL4;BANCO MODAL S.A;Financeiro;Bancos
MOVI3;MOVIDA PARTICIPACOES SA;Consumo Cíclico;Aluguel de carros
MRFG3;MARFRIG GLOBAL FOODS S.A.;Consumo não Cíclico;Carnes e Derivados
MRSA3B;MRS LOGISTICA S.A.;Bens Industriais;Transporte Ferroviário
MRSA5B;MRS LOGISTICA S.A.;Bens Industriais;Transporte Ferroviário
MRSA6B;MRS LOGISTICA S.A.;Bens Industriais;Transporte Ferroviário
MRVE3;MRV ENGENHARIA E PARTICIPACOES S.A.;Consumo Cíclico;Incorporações
MSPA3;CIA MELHORAMENTOS DE SAO PAULO;Materiais Básicos;Papel e Celulose
MSPA4;CIA MELHORAMENTOS DE SAO PAULO;Materiais Básicos;Papel e Celulose
MTIG3;METALGRAFICA IGUACU S.A.;Materiais Básicos;Embalagens
MTIG4;METALGRAFICA IGUACU S.A.;Materiais Básicos;Embalagens
MTRE3;MITRE REALTY EMPREENDIMENTOS E PARTICIPAÇÕES S.A.;Consumo Cíclico;Incorporações
MTSA3;METISA METALURGICA TIMBOENSE S.A.;Bens Industriais;Máq. e Equip. Construção e Agrícolas
MTSA4;METISA METALURGICA TIMBOENSE S.A.;Bens Industriais;Máq. e Equip. Construção e Agrícolas
MULT3;MULTIPLAN - EMPREEND IMOBILIARIOS S.A.;Financeiro;Exploração de Imóveis
MWET3;WETZEL S.A.;Bens Industriais;Material Rodoviário
MWET4;WETZEL S.A.;Bens Industriais;Material Rodoviário
MYPK3;IOCHPE MAXION S.A.;Consumo Cíclico;Automóveis e Motocicletas
NEOE3;NEOENERGIA S.A.;Utilidade Pública;Energia Elétrica
NGRD3;NEOGRID PARTICIPACOES S.A.;Tecnologia da Informação;Programas e Serviços
NINJ3;GETNINJAS S.A.;Tecnologia da Informação;Programas e Serviços
NORD3;NORDON INDUSTRIAS METALURGICAS S.A.;Bens Industriais;Máq. e Equip. Industriais
NTCO3;NATURA &CO HOLDING S.A.;Consumo não Cíclico;Produtos de Uso Pessoal
NUTR3;NUTRIPLANT INDUSTRIA E COMERCIO S.A.;Materiais Básicos;Fertilizantes e Defensivos
ODER4;CONSERVAS ODERICH S.A.;Consumo não Cíclico;Alimentos Diversos
ODPV3;ODONTOPREV S.A.;Saúde;Serv.Méd.Hospit..Análises e Diagnósticos
OFSA3;OURO FINO SAUDE ANIMAL PARTICIPACOES S.A.;Saúde;Medicamentos e Outros Produtos
OIBR3;OI S.A.;Comunicações;Telecomunicações
OIBR4;OI S.A.;Comunicações;Telecomunicações
OPCT3;OCEANPACT SERVICOS MARITIMOS S.A.;Petróleo. Gás e Biocombustíveis;Equipamentos e Serviços
ORVR3;ORIZON VALORIZACAO DE RESIDUOS S.A.;Utilidade Pública;água e Saneamento
OSXB3;OSX BRASIL S.A.;Petróleo. Gás e Biocombustíveis;Equipamentos e Serviços
PARD3;INSTITUTO HERMES PARDINI S.A.;Saúde;Serv.Méd.Hospit..Análises e Diagnósticos
PATI3;PANATLANTICA S.A.;Materiais Básicos;Artefatos de Ferro e Aço
PATI4;PANATLANTICA S.A.;Materiais Básicos;Artefatos de Ferro e Aço
PCAR3;CIA BRASILEIRA DE DISTRIBUICAO;Consumo não Cíclico;Alimentos
PDGR3;PDG REALTY S.A. EMPREEND E PARTICIPACOES;Consumo Cíclico;Incorporações
PDTC3;PADTEC HOLDING S.A.;Financeiro;Serviços Financeiros Diversos
PEAB3;CIA PARTICIPACOES ALIANCA DA BAHIA;Financeiro;Holdings Diversificadas
PEAB4;CIA PARTICIPACOES ALIANCA DA BAHIA;Financeiro;Holdings Diversificadas
PETR3;PETROLEO BRASILEIRO S.A. PETROBRAS;Petróleo. Gás e Biocombustíveis;Exploração. Refino e Distribuição
PETR4;PETROLEO BRASILEIRO S.A. PETROBRAS;Petróleo. Gás e Biocombustíveis;Exploração. Refino e Distribuição
PETZ3;PET CENTER COMERCIO E PARTICIPACOES S.A.;Consumo Cíclico;Produtos Diversos
PFRM3;PROFARMA DISTRIB PROD FARMACEUTICOS S.A.;Saúde;Medicamentos e Outros Produtos
PINE4;BCO PINE S.A.;Financeiro;Bancos
PLAS3;PLASCAR PARTICIPACOES INDUSTRIAIS S.A.;Consumo Cíclico;Automóveis e Motocicletas
PLPL3;PLANO & PLANO DESENVOLVIMENTO IMOBILIÁRIO S.A.;Consumo Cíclico;Incorporações
PMAM3;PARANAPANEMA S.A.;Materiais Básicos;Artefatos de Cobre
PNVL3;DIMED S.A. DISTRIBUIDORA DE MEDICAMENTOS;Saúde;Medicamentos e Outros Produtos
POMO3;MARCOPOLO S.A.;Bens Industriais;Material Rodoviário
POMO4;MARCOPOLO S.A.;Bens Industriais;Material Rodoviário
POSI3;POSITIVO TECNOLOGIA S.A.;Tecnologia da Informação;Computadores e Equipamentos
PPLA11;PPLA PARTICIPATIONS LTD.;Financeiro;Gestão de Recursos e Investimentos
PRIO3;PETRO RIO S.A.;Petróleo. Gás e Biocombustíveis;Exploração. Refino e Distribuição
PRNR3;PRINER SERVIÇOS INDUSTRIAIS S.A.;Bens Industriais;Serviços Diversos
PSSA3;PORTO SEGURO S.A.;Financeiro;Seguradoras
PTBL3;PBG S/A;Bens Industriais;Produtos para Construção
PTNT3;PETTENATI S.A. INDUSTRIA TEXTIL;Consumo Cíclico;Fios e Tecidos
PTNT4;PETTENATI S.A. INDUSTRIA TEXTIL;Consumo Cíclico;Fios e Tecidos
QUAL3;QUALICORP CONSULTORIA E CORRETORA DE SEGUROS S.A.;Saúde;Serv.Méd.Hospit..Análises e Diagnósticos
RADL3;RAIA DROGASIL S.A.;Saúde;Medicamentos e Outros Produtos
RAIL3;RUMO S.A.;Bens Industriais;Transporte Ferroviário
RANI3;IRANI PAPEL E EMBALAGEM S.A.;Materiais Básicos;Papel e Celulose
RAPT3;RANDON S.A. IMPLEMENTOS E PARTICIPACOES;Bens Industriais;Material Rodoviário
RAPT4;RANDON S.A. IMPLEMENTOS E PARTICIPACOES;Bens Industriais;Material Rodoviário
RCSL3;RECRUSUL S.A.;Bens Industriais;Material Rodoviário
RCSL4;RECRUSUL S.A.;Bens Industriais;Material Rodoviário
RDNI3;RNI NEGÓCIOS IMOBILIÁRIOS S.A.;Consumo Cíclico;Incorporações
RDOR3;Rede DOr São Luiz S.A.;Saúde;Serv.Méd.Hospit..Análises e Diagnósticos
RECV3;PETRORECÔNCAVO S.A.;Petróleo. Gás e Biocombustíveis;Exploração. Refino e Distribuição
REDE3;REDE ENERGIA PARTICIPAÇÕES S.A.;Utilidade Pública;Energia Elétrica
RENT3;LOCALIZA RENT A CAR S.A.;Consumo Cíclico;Aluguel de carros
RNEW11;RENOVA ENERGIA S.A.;Utilidade Pública;Energia Elétrica
RNEW3;RENOVA ENERGIA S.A.;Utilidade Pública;Energia Elétrica
RNEW4;RENOVA ENERGIA S.A.;Utilidade Pública;Energia Elétrica
ROMI3;INDUSTRIAS ROMI S.A.;Bens Industriais;Máq. e Equip. Industriais
RPAD3;ALFA HOLDINGS S.A.;Financeiro;Bancos
RPAD5;ALFA HOLDINGS S.A.;Financeiro;Bancos
RPAD6;ALFA HOLDINGS S.A.;Financeiro;Bancos
RPMG3;REFINARIA DE PETROLEOS MANGUINHOS S.A.;Petróleo. Gás e Biocombustíveis;Exploração. Refino e Distribuição
RRRP3;3R PETROLEUM ÓLEO E GÁS S.A;Petróleo. Gás e Biocombustíveis;Exploração. Refino e Distribuição
RSID3;ROSSI RESIDENCIAL S.A.;Consumo Cíclico;Incorporações
RSUL4;METALURGICA RIOSULENSE S.A.;Bens Industriais;Material Rodoviário
SANB11;BCO SANTANDER (BRASIL) S.A.;Financeiro;Bancos
SANB3;BCO SANTANDER (BRASIL) S.A.;Financeiro;Bancos
SANB4;BCO SANTANDER (BRASIL) S.A.;Financeiro;Bancos
SAPR11;CIA SANEAMENTO DO PARANA - SANEPAR;Utilidade Pública;água e Saneamento
SAPR3;CIA SANEAMENTO DO PARANA - SANEPAR;Utilidade Pública;água e Saneamento
SAPR4;CIA SANEAMENTO DO PARANA - SANEPAR;Utilidade Pública;água e Saneamento
SBFG3;GRUPO SBF SA;Consumo Cíclico;Produtos Diversos
SBSP3;CIA SANEAMENTO BASICO EST SAO PAULO;Utilidade Pública;água e Saneamento
SCAR3;SAO CARLOS EMPREEND E PARTICIPACOES S.A.;Financeiro;Exploração de Imóveis
SEER3;SER EDUCACIONAL S.A.;Consumo Cíclico;Serviços Educacionais
SEQL3;SEQUOIA LOGISTICA E TRANSPORTES S.A;Bens Industriais;Serviços Diversos
SGPS3;SPRINGS GLOBAL PARTICIPACOES S.A.;Consumo Cíclico;Fios e Tecidos
SHOW3;T4F ENTRETENIMENTO S.A.;Consumo Cíclico;Produção de Eventos e Shows
SHUL3;SCHULZ S.A.;Bens Industriais;Motores . Compressores e Outros
SHUL4;SCHULZ S.A.;Bens Industriais;Motores . Compressores e Outros
SIMH3;SIMPAR S.A.;Financeiro;Holdings Diversificadas
SLCE3;SLC AGRICOLA S.A.;Consumo não Cíclico;Agricultura
SLED3;SARAIVA LIVREIROS S.A. - EM RECUPERAÇÃO JUDICIAL;Consumo Cíclico;Produtos Diversos
SLED4;SARAIVA LIVREIROS S.A. - EM RECUPERAÇÃO JUDICIAL;Consumo Cíclico;Produtos Diversos
SMFT3;SMARTFIT ESCOLA DE GINÁSTICA E DANÇA S.A.;Consumo Cíclico;Atividades Esportivas
SMTO3;SAO MARTINHO S.A.;Consumo não Cíclico;Açucar e Alcool
SNSY3;SANSUY S.A. INDUSTRIA DE PLASTICOS;Materiais Básicos;Materiais Diversos
SNSY5;SANSUY S.A. INDUSTRIA DE PLASTICOS;Materiais Básicos;Materiais Diversos
SNSY6;SANSUY S.A. INDUSTRIA DE PLASTICOS;Materiais Básicos;Materiais Diversos
SOJA3;BOA SAFRA SEMENTES S.A.;Consumo não Cíclico;Agricultura
SOMA3;GRUPO DE MODA SOMA S.A.;Consumo Cíclico;Tecidos. Vestuário e Calçados
SOND3;SONDOTECNICA ENGENHARIA SOLOS S.A.;Bens Industriais;Engenharia Consultiva
SOND5;SONDOTECNICA ENGENHARIA SOLOS S.A.;Bens Industriais;Engenharia Consultiva
SOND6;SONDOTECNICA ENGENHARIA SOLOS S.A.;Bens Industriais;Engenharia Consultiva
SQIA3;SINQIA S.A.;Tecnologia da Informação;Programas e Serviços
STBP3;SANTOS BRASIL PARTICIPACOES S.A.;Bens Industriais;Serviços de Apoio e Armazenagem
SULA11;SUL AMERICA S.A.;Financeiro;Seguradoras
SULA3;SUL AMERICA S.A.;Financeiro;Seguradoras
SULA4;SUL AMERICA S.A.;Financeiro;Seguradoras
SUZB3;SUZANO S.A.;Materiais Básicos;Papel e Celulose
TAEE11;TRANSMISSORA ALIANÇA DE ENERGIA ELÉTRICA S.A.;Utilidade Pública;Energia Elétrica
TAEE3;TRANSMISSORA ALIANÇA DE ENERGIA ELÉTRICA S.A.;Utilidade Pública;Energia Elétrica
TAEE4;TRANSMISSORA ALIANÇA DE ENERGIA ELÉTRICA S.A.;Utilidade Pública;Energia Elétrica
TASA3;TAURUS ARMAS S.A.;Bens Industriais;Armas e Munições
TASA4;TAURUS ARMAS S.A.;Bens Industriais;Armas e Munições
TCNO3;TECNOSOLO ENGENHARIA S.A.;Bens Industriais;Engenharia Consultiva
TCNO4;TECNOSOLO ENGENHARIA S.A.;Bens Industriais;Engenharia Consultiva
TCSA3;TECNISA S.A.;Consumo Cíclico;Incorporações
TECN3;TECHNOS S.A.;Consumo Cíclico;Acessórios
TEKA3;TEKA-TECELAGEM KUEHNRICH S.A.;Consumo Cíclico;Fios e Tecidos
TEKA4;TEKA-TECELAGEM KUEHNRICH S.A.;Consumo Cíclico;Fios e Tecidos
TELB3;TELEC BRASILEIRAS S.A. TELEBRAS;Comunicações;Telecomunicações
TELB4;TELEC BRASILEIRAS S.A. TELEBRAS;Comunicações;Telecomunicações
TEND3;CONSTRUTORA TENDA S.A.;Consumo Cíclico;Incorporações
TFCO4;TRACK & FIELD CO S.A.;Consumo Cíclico;Vestuário
TGMA3;TEGMA GESTAO LOGISTICA S.A.;Bens Industriais;Transporte Rodoviário
TIMS3;TIM S.A.;Comunicações;Telecomunicações
TKNO4;TEKNO S.A. - INDUSTRIA E COMERCIO;Materiais Básicos;Artefatos de Ferro e Aço
TOTS3;TOTVS S.A.;Tecnologia da Informação;Programas e Serviços
TPIS3;TPI - TRIUNFO PARTICIP. E INVEST. S.A.;Bens Industriais;Exploração de Rodovias
TRIS3;TRISUL S.A.;Consumo Cíclico;Incorporações
TRPL3;CTEEP - CIA TRANSMISSÃO ENERGIA ELÉTRICA PAULISTA;Utilidade Pública;Energia Elétrica
TRPL4;CTEEP - CIA TRANSMISSÃO ENERGIA ELÉTRICA PAULISTA;Utilidade Pública;Energia Elétrica
TTEN3;TRÊS TENTOS AGROINDUSTRIAL S/A;Consumo não Cíclico;Agricultura
TUPY3;TUPY S.A.;Bens Industriais;Material Rodoviário
TXRX3;TEXTIL RENAUXVIEW S.A.;Consumo Cíclico;Fios e Tecidos
TXRX4;TEXTIL RENAUXVIEW S.A.;Consumo Cíclico;Fios e Tecidos
UCAS3;UNICASA INDÚSTRIA DE MÓVEIS S.A.;Consumo Cíclico;Móveis
UGPA3;ULTRAPAR PARTICIPACOES S.A.;Petróleo. Gás e Biocombustíveis;Exploração. Refino e Distribuição
UNIP3;UNIPAR CARBOCLORO S.A.;Materiais Básicos;Químicos Diversos
UNIP5;UNIPAR CARBOCLORO S.A.;Materiais Básicos;Químicos Diversos
UNIP6;UNIPAR CARBOCLORO S.A.;Materiais Básicos;Químicos Diversos
USIM3;USINAS SID DE MINAS GERAIS S.A.-USIMINAS;Materiais Básicos;Siderurgia
USIM5;USINAS SID DE MINAS GERAIS S.A.-USIMINAS;Materiais Básicos;Siderurgia
USIM6;USINAS SID DE MINAS GERAIS S.A.-USIMINAS;Materiais Básicos;Siderurgia
VALE3;VALE S.A.;Materiais Básicos;Minerais Metálicos
VAMO3;VAMOS LOCAÇÃO DE CAMINHÕES. MÁQUINAS E EQUIP. S.A.;Consumo Cíclico;Aluguel de carros
VIIA3;VIA VAREJO S.A.;Consumo Cíclico;Eletrodomésticos
VIVA3;VIVARA PARTICIPAÇOES S.A;Consumo Cíclico;Acessórios
VIVR3;VIVER INCORPORADORA E CONSTRUTORA S.A.;Consumo Cíclico;Incorporações
VIVT3;TELEFÔNICA BRASIL S.A;Comunicações;Telecomunicações
VLID3;VALID SOLUÇÕES S.A.;Bens Industriais;Serviços Diversos
VULC3;VULCABRAS S.A.;Consumo Cíclico;Calçados
WEGE3;WEG S.A.;Bens Industriais;Motores . Compressores e Outros
WEST3;WESTWING COMERCIO VAREJISTA S.A.;Tecnologia da Informação;Programas e Serviços
WHRL3;WHIRLPOOL S.A.;Consumo Cíclico;Eletrodomésticos
WHRL4;WHIRLPOOL S.A.;Consumo Cíclico;Eletrodomésticos
WIZS3;WIZ SOLUÇÕES E CORRETAGEM DE SEGUROS S.A.;Financeiro;Corretoras de Seguros
WLMM3;WLM PART. E COMÉRCIO DE MÁQUINAS E VEÍCULOS S.A.;Bens Industriais;Material de Transporte
WLMM4;WLM PART. E COMÉRCIO DE MÁQUINAS E VEÍCULOS S.A.;Bens Industriais;Material de Transporte
YDUQ3;YDUQS PARTICIPACOES S.A.;Consumo Cíclico;Serviços Educacionais
