TICKET;EMPRESA;SETOR;SEGMENTO;DIV ULT;DIV MEDIO;DIV MEDIANA;PRECO ATUAL;TAXA ULT;TAXA M;TAXA MD
AALR3;CENTRO DE IMAGEM DIAGNOSTICOS S.A.;Saúde;Serv.Méd.Hospit..Análises e Diagnósticos;0;0.01;0.0;20;0.0;0.05;0.0
ABCB4;BCO ABC BRASIL S.A.;Financeiro;Bancos;1.0;0.69;0.75;15.91;6.29;4.34;4.71
ABEV3;AMBEV S.A.;Consumo não Cíclico;Cervejas e Refrigerantes;0.68;0.62;0.55;13.59;5.0;4.56;4.05
ADHM3;ADVANCED DIGITAL HEALTH MEDICINA PREVENTIVA S.A.;Saúde;Serv.Méd.Hospit..Análises e Diagnósticos;0;0.0;0.0;1.56;0.0;0.0;0.0
AERI3;AERIS IND. E COM. DE EQUIP. GERACAO DE ENERGIA S/A;Bens Industriais;Máq. e Equip. Industriais;0;0;0.0;3.09;0.0;0.0;0.0
AESB3;AES BRASIL ENERGIA S.A.;Utilidade Pública;Energia Elétrica;0.23;0.02;0.0;10.43;2.21;0.19;0.0
AFLT3;AFLUENTE TRANSMISSÃO DE ENERGIA ELÉTRICA S/A;Utilidade Pública;Energia Elétrica;0.31;0.3;0.28;9.09;3.41;3.3;3.08
AGRO3;BRASILAGRO - CIA BRAS DE PROP AGRICOLAS;Consumo não Cíclico;Agricultura;2.62;0.74;0.65;28.98;9.04;2.55;2.24
ALLD3;ALLIED TECNOLOGIA S.A.;Consumo Cíclico;Eletrodomésticos;0.76;0.08;0.0;11.34;6.7;0.71;0.0
ALPA3;ALPARGATAS S.A.;Consumo Cíclico;Calçados;0.25;0.22;0.22;17.18;1.46;1.28;1.28
ALPA4;ALPARGATAS S.A.;Consumo Cíclico;Calçados;0.27;0.2;0.22;19.23;1.4;1.04;1.14
ALSO3;ALIANSCE SONAE SHOPPING CENTERS S.A.;Financeiro;Exploração de Imóveis;0.23;0.02;0.0;17.91;1.28;0.11;0.0
ALUP11;ALUPAR INVESTIMENTO S/A;Utilidade Pública;Energia Elétrica;0.84;0.27;0.0;25.96;3.24;1.04;0.0
ALUP3;ALUPAR INVESTIMENTO S/A;Utilidade Pública;Energia Elétrica;0.28;0.11;0.07;8.7;3.22;1.26;0.8
ALUP4;ALUPAR INVESTIMENTO S/A;Utilidade Pública;Energia Elétrica;0.28;0.11;0.07;8.8;3.18;1.25;0.8
AMAR3;MARISA LOJAS S.A.;Consumo Cíclico;Tecidos. Vestuário e Calçados;0;0.07;0.0;2.05;0.0;3.41;0.0
AMBP3;AMBIPAR PARTICIPACOES E EMPREENDIMENTOS S/A;Utilidade Pública;água e Saneamento;0.09;0.01;0.0;25.55;0.35;0.04;0.0
ANIM3;ANIMA HOLDING S.A.;Consumo Cíclico;Serviços Educacionais;0.0;0.08;0.01;4.99;0.0;1.6;0.2
APER3;ALPER CONSULTORIA E CORRETORA DE SEGUROS S.A.;Financeiro;Corretoras de Seguros;0;0.28;0.0;32.33;0.0;0.87;0.0
ARZZ3;AREZZO INDÚSTRIA E COMÉRCIO S.A.;Consumo Cíclico;Tecidos. Vestuário e Calçados;0.93;0.91;0.88;73.44;1.27;1.24;1.2
ASAI3;SENDAS DISTRIBUIDORA S.A.;Consumo não Cíclico;Alimentos;0.36;0.04;0.0;15.04;2.39;0.27;0.0
ATMP3;ATMA PARTICIPAÇÕES S.A.;Bens Industriais;Serviços Diversos;0;0.27;0.0;1.55;0.0;17.42;0.0
ATOM3;ATOM EMPREENDIMENTOS E PARTICIPAÇÕES S.A.;Outros;Outros;0.3;0.03;0.0;2.55;11.76;1.18;0.0
AZEV3;AZEVEDO E TRAVASSOS S.A.;Bens Industriais;Construção Pesada;0;0.02;0.0;3.24;0.0;0.62;0.0
AZEV4;AZEVEDO E TRAVASSOS S.A.;Bens Industriais;Construção Pesada;0;0.04;0.0;2.44;0.0;1.64;0.0
B3SA3;B3 S.A. - BRASIL. BOLSA. BALCÃO;Financeiro;Serviços Financeiros Diversos;0.98;0.69;0.67;11.66;8.4;5.92;5.75
BAHI3;BAHEMA EDUCAÇÃO S.A.;Consumo Cíclico;Serviços Educacionais;0.0;0.41;0.25;12.8;0.0;3.2;1.95
BALM3;BAUMER S.A.;Saúde;Equipamentos;0.34;0.36;0.22;14.42;2.36;2.5;1.53
BALM4;BAUMER S.A.;Saúde;Equipamentos;0.41;0.42;0.27;10.7;3.83;3.93;2.52
BAUH4;EXCELSIOR ALIMENTOS S.A.;Consumo não Cíclico;Carnes e Derivados;0.67;0.37;0.41;77.86;0.86;0.48;0.53
BAZA3;BCO AMAZONIA S.A.;Financeiro;Bancos;2.6;1.64;0.76;41;6.34;4.0;1.85
BBAS3;BCO BRASIL S.A.;Financeiro;Bancos;2.27;1.74;1.59;34.55;6.57;5.04;4.6
BBDC3;BCO BRADESCO S.A.;Financeiro;Bancos;0.94;0.75;0.71;15.91;5.91;4.71;4.46
BBDC4;BCO BRADESCO S.A.;Financeiro;Bancos;1.04;0.97;0.83;19.11;5.44;5.08;4.34
BBRK3;BRASIL BROKERS PARTICIPACOES S.A.;Financeiro;Intermediação Imobiliária;0;0.14;0.0;0.8;0.0;17.5;0.0
BBSE3;BB SEGURIDADE PARTICIPAÇÕES S.A.;Financeiro;Seguradoras;1.0;1.64;1.61;24.6;4.07;6.67;6.54
BDLL3;BARDELLA S.A. INDUSTRIAS MECANICAS;Bens Industriais;Máq. e Equip. Industriais;0;1.18;0.0;11;0.0;10.73;0.0
BDLL4;BARDELLA S.A. INDUSTRIAS MECANICAS;Bens Industriais;Máq. e Equip. Industriais;0;2.34;0.0;8.5;0.0;27.53;0.0
BEEF3;MINERVA S.A.;Consumo não Cíclico;Carnes e Derivados;1.12;0.18;0.0;13.93;8.04;1.29;0.0
BEES3;BANESTES S.A. - BCO EST ESPIRITO SANTO;Financeiro;Bancos;0.33;0.17;0.19;5.16;6.4;3.29;3.68
BEES4;BANESTES S.A. - BCO EST ESPIRITO SANTO;Financeiro;Bancos;0.33;0.18;0.2;5.26;6.27;3.42;3.8
BGIP3;BCO ESTADO DE SERGIPE S.A. - BANESE;Financeiro;Bancos;1.13;1.52;1.28;29.46;3.84;5.16;4.34
BGIP4;BCO ESTADO DE SERGIPE S.A. - BANESE;Financeiro;Bancos;1.25;1.81;1.4;19.15;6.53;9.45;7.31
BIDI3;BANCO INTER S.A.;Financeiro;Bancos;0.02;0.01;0.0;3.43;0.58;0.29;0.0
BIDI4;BANCO INTER S.A.;Financeiro;Bancos;0.02;0.03;0.0;3.58;0.56;0.84;0.0
BIOM3;BIOMM S.A.;Saúde;Medicamentos e Outros Produtos;0;0.0;0.0;10.01;0.0;0.0;0.0
BKBR3;BK BRASIL OPERAÇÃO E ASSESSORIA A RESTAURANTES SA;Consumo Cíclico;Restaurante e Similares;0;0.02;0.0;6.51;0.0;0.31;0.0
BLAU3;BLAU FARMACÊUTICA S.A.;Saúde;Medicamentos e Outros Produtos;0.25;0.02;0.0;25.94;0.96;0.08;0.0
BMEB3;BCO MERCANTIL DO BRASIL S.A.;Financeiro;Bancos;1.18;0.37;0.18;12.36;9.55;2.99;1.46
BMEB4;BCO MERCANTIL DO BRASIL S.A.;Financeiro;Bancos;1.3;0.67;0.66;10.23;12.71;6.55;6.45
BMGB4;BANCO BMG S.A.;Financeiro;Bancos;0.32;0.07;0.0;2.63;12.17;2.66;0.0
BMIN3;BCO MERCANTIL DE INVESTIMENTOS S.A.;Financeiro;Bancos;0;0.21;0.01;20;0.0;1.05;0.05
BMIN4;BCO MERCANTIL DE INVESTIMENTOS S.A.;Financeiro;Bancos;1.95;0.95;0.93;14.34;13.6;6.62;6.49
BMKS3;BICICLETAS MONARK S.A.;Consumo Cíclico;Bicicletas;7.93;23.8;23.05;249.87;3.17;9.52;9.22
BNBR3;BCO NORDESTE DO BRASIL S.A.;Financeiro;Bancos;4.78;2.25;1.77;70;6.83;3.21;2.53
BOAS3;BOA VISTA SERVIÇOS S.A.;Financeiro;Serviços Financeiros Diversos;0.09;0.01;0.0;5.57;1.62;0.18;0.0
BPAC11;BCO BTG PACTUAL S.A.;Financeiro;Bancos;0.86;0.55;0.34;22.43;3.83;2.45;1.52
BPAC3;BCO BTG PACTUAL S.A.;Financeiro;Bancos;0.28;0.21;0.14;12.8;2.19;1.64;1.09
BPAC5;BCO BTG PACTUAL S.A.;Financeiro;Bancos;0.29;0.22;0.14;4.97;5.84;4.43;2.82
BPAN4;BCO PAN S.A.;Financeiro;Bancos;0.22;0.07;0.0;6.83;3.22;1.02;0.0
BRAP3;BRADESPAR S.A.;Materiais Básicos;Minerais Metálicos;9.58;2.08;1.23;25.4;37.72;8.19;4.84
BRAP4;BRADESPAR S.A.;Materiais Básicos;Minerais Metálicos;10.54;2.24;1.32;28.88;36.5;7.76;4.57
BRFS3;BRF S.A.;Consumo não Cíclico;Carnes e Derivados;0;0.4;0.0;15;0.0;2.67;0.0
BRGE11;CONSORCIO ALFA DE ADMINISTRACAO S.A.;Financeiro;Seguradoras;0.37;0.29;0.29;7.71;4.8;3.76;3.76
BRGE12;CONSORCIO ALFA DE ADMINISTRACAO S.A.;Financeiro;Seguradoras;0.0;0.0;0.0;6.95;0.0;0.0;0.0
BRGE3;CONSORCIO ALFA DE ADMINISTRACAO S.A.;Financeiro;Seguradoras;0.0;0.01;0.0;6.6;0.0;0.15;0.0
BRGE5;CONSORCIO ALFA DE ADMINISTRACAO S.A.;Financeiro;Seguradoras;0.31;0.24;0.24;9.81;3.16;2.45;2.45
BRGE6;CONSORCIO ALFA DE ADMINISTRACAO S.A.;Financeiro;Seguradoras;0.73;0.58;0.58;8.5;8.59;6.82;6.82
BRGE8;CONSORCIO ALFA DE ADMINISTRACAO S.A.;Financeiro;Seguradoras;0.31;0.24;0.24;8.9;3.48;2.7;2.7
BRIV3;BCO ALFA DE INVESTIMENTO S.A.;Financeiro;Bancos;0.02;0.05;0.04;6.35;0.31;0.79;0.63
BRIV4;BCO ALFA DE INVESTIMENTO S.A.;Financeiro;Bancos;0.6;0.47;0.47;6.24;9.62;7.53;7.53
BRKM3;BRASKEM S.A.;Materiais Básicos;Petroquímicos;7.54;1.92;0.93;43.5;17.33;4.41;2.14
BRKM5;BRASKEM S.A.;Materiais Básicos;Petroquímicos;7.54;1.98;1.23;44.09;17.1;4.49;2.79
BRKM6;BRASKEM S.A.;Materiais Básicos;Petroquímicos;0.61;0.61;0.61;26.04;2.34;2.34;2.34
BRML3;BR MALLS PARTICIPACOES S.A.;Financeiro;Exploração de Imóveis;0;0.27;0.12;8.05;0.0;3.35;1.49
BRPR3;BR PROPERTIES S.A.;Financeiro;Exploração de Imóveis;0.2;0.86;0.18;8.6;2.33;10.0;2.09
BRSR3;BCO ESTADO DO RIO GRANDE DO SUL S.A.;Financeiro;Bancos;1.27;0.75;0.69;11.97;10.61;6.27;5.76
BRSR5;BCO ESTADO DO RIO GRANDE DO SUL S.A.;Financeiro;Bancos;1.52;0.86;0.66;17.1;8.89;5.03;3.86
BRSR6;BCO ESTADO DO RIO GRANDE DO SUL S.A.;Financeiro;Bancos;1.27;0.87;0.8;9.95;12.76;8.74;8.04
BSLI3;BRB BCO DE BRASILIA S.A.;Financeiro;Bancos;0.49;0.42;0.36;22;2.23;1.91;1.64
BSLI4;BRB BCO DE BRASILIA S.A.;Financeiro;Bancos;0.54;0.39;0.26;17.35;3.11;2.25;1.5
CALI4;CONSTRUTORA ADOLPHO LINDENBERG S.A.;Consumo Cíclico;Incorporações;0;3.39;2.79;50;0.0;6.78;5.58
CAML3;CAMIL ALIMENTOS S.A.;Consumo não Cíclico;Alimentos Diversos;0.25;0.13;0.08;10.23;2.44;1.27;0.78
CARD3;CSU CARDSYSTEM S.A.;Financeiro;Serviços Financeiros Diversos;0.41;0.23;0.28;13.07;3.14;1.76;2.14
CASN4;CIA CATARINENSE DE AGUAS E SANEAM.-CASAN;Utilidade Pública;água e Saneamento;0.04;0.02;0.01;10;0.4;0.2;0.1
CBEE3;AMPLA ENERGIA E SERVICOS S.A.;Utilidade Pública;Energia Elétrica;0.14;0.11;0.0;19.21;0.73;0.57;0.0
CCRO3;CCR S.A.;Bens Industriais;Exploração de Rodovias;0.17;0.59;0.62;13.05;1.3;4.52;4.75
CEAB3;CEA MODAS S.A.;Consumo Cíclico;Tecidos. Vestuário e Calçados;0;0.03;0.0;2.73;0.0;1.1;0.0
CEBR3;CIA ENERGETICA DE BRASILIA;Utilidade Pública;Energia Elétrica;106.4;11.25;0.05;14.93;712.66;75.35;0.33
CEBR5;CIA ENERGETICA DE BRASILIA;Utilidade Pública;Energia Elétrica;106.4;13.06;1.96;12.39;858.76;105.41;15.82
CEBR6;CIA ENERGETICA DE BRASILIA;Utilidade Pública;Energia Elétrica;117.04;12.48;0.05;13;900.31;96.0;0.38
CEDO3;CIA FIACAO TECIDOS CEDRO CACHOEIRA;Consumo Cíclico;Fios e Tecidos;0;0.12;0.0;7;0.0;1.71;0.0
CEDO4;CIA FIACAO TECIDOS CEDRO CACHOEIRA;Consumo Cíclico;Fios e Tecidos;0;0.08;0.0;4.49;0.0;1.78;0.0
CEEB3;CIA ELETRICIDADE EST. DA BAHIA - COELBA;Utilidade Pública;Energia Elétrica;6.03;1.6;0.81;37.5;16.08;4.27;2.16
CEEB5;CIA ELETRICIDADE EST. DA BAHIA - COELBA;Utilidade Pública;Energia Elétrica;6.03;1.6;0.81;34.49;17.48;4.64;2.35
CEED3;CIA ESTADUAL DE DISTRIB ENER ELET-CEEE-D;Utilidade Pública;Energia Elétrica;0;0.0;0.0;42;0.0;0.0;0.0
CEED4;CIA ESTADUAL DE DISTRIB ENER ELET-CEEE-D;Utilidade Pública;Energia Elétrica;0;0.0;0.0;65.5;0.0;0.0;0.0
CEGR3;CIA DISTRIB DE GAS DO RIO DE JANEIRO-CEG;Utilidade Pública;Gás;2.16;1.53;1.04;89;2.43;1.72;1.17
CEPE3;CIA ENERGETICA DE PERNAMBUCO - CELPE;Utilidade Pública;Energia Elétrica;2.96;1.1;0.95;128;2.31;0.86;0.74
CEPE5;CIA ENERGETICA DE PERNAMBUCO - CELPE;Utilidade Pública;Energia Elétrica;2.96;1.2;0.95;40.01;7.4;3.0;2.37
CEPE6;CIA ENERGETICA DE PERNAMBUCO - CELPE;Utilidade Pública;Energia Elétrica;3.26;1.24;1.05;40.16;8.12;3.09;2.61
CGAS3;CIA GAS DE SAO PAULO - COMGAS;Utilidade Pública;Gás;12.19;6.98;7.27;120;10.16;5.82;6.06
CGAS5;CIA GAS DE SAO PAULO - COMGAS;Utilidade Pública;Gás;13.41;7.74;7.99;125.54;10.68;6.17;6.36
CGRA3;GRAZZIOTIN S.A.;Consumo Cíclico;Tecidos. Vestuário e Calçados;1.35;1.0;1.01;29.4;4.59;3.4;3.44
CGRA4;GRAZZIOTIN S.A.;Consumo Cíclico;Tecidos. Vestuário e Calçados;1.35;1.06;1.01;29.2;4.62;3.63;3.46
CIEL3;CIELO S.A.;Financeiro;Serviços Financeiros Diversos;0.18;1.07;0.76;3.78;4.76;28.31;20.11
CLSC3;CENTRAIS ELET DE SANTA CATARINA S.A.;Utilidade Pública;Energia Elétrica;6.19;1.45;0.47;57;10.86;2.54;0.82
CLSC4;CENTRAIS ELET DE SANTA CATARINA S.A.;Utilidade Pública;Energia Elétrica;6.81;1.51;1.03;58.91;11.56;2.56;1.75
CMIG3;CIA ENERGETICA DE MINAS GERAIS - CEMIG;Utilidade Pública;Energia Elétrica;1.37;0.71;0.57;14.9;9.19;4.77;3.83
CMIG4;CIA ENERGETICA DE MINAS GERAIS - CEMIG;Utilidade Pública;Energia Elétrica;1.37;0.82;0.73;10.92;12.55;7.51;6.68
CMIN3;CSN MINERAÇÃO S.A.;Materiais Básicos;Minerais Metálicos;0.47;0.05;0.0;5.22;9.0;0.96;0.0
COCE3;CIA ENERGETICA DO CEARA - COELCE;Utilidade Pública;Energia Elétrica;3.62;1.94;1.93;58.92;6.14;3.29;3.28
COCE5;CIA ENERGETICA DO CEARA - COELCE;Utilidade Pública;Energia Elétrica;3.62;1.94;1.93;48.2;7.51;4.02;4.0
COGN3;COGNA EDUCAÇÃO S.A.;Consumo Cíclico;Serviços Educacionais;0;0.42;0.26;2.51;0.0;16.73;10.36
CORR4;CORREA RIBEIRO S.A. COMERCIO E INDUSTRIA;Financeiro;Exploração de Imóveis;6.15;0.61;0.0;82;7.5;0.74;0.0
CPFE3;CPFL ENERGIA S.A.;Utilidade Pública;Energia Elétrica;3.7;1.18;0.67;31.93;11.59;3.7;2.1
CPLE3;CIA PARANAENSE DE ENERGIA - COPEL;Utilidade Pública;Energia Elétrica;1.09;0.82;0.56;6.39;17.06;12.83;8.76
CPLE5;CIA PARANAENSE DE ENERGIA - COPEL;Utilidade Pública;Energia Elétrica;1.27;1.19;0.82;22;5.77;5.41;3.73
CPLE6;CIA PARANAENSE DE ENERGIA - COPEL;Utilidade Pública;Energia Elétrica;1.2;0.82;0.53;6.95;17.27;11.8;7.63
CRDE3;CR2 EMPREENDIMENTOS IMOBILIARIOS S.A.;Consumo Cíclico;Incorporações;0;0.42;0.0;21.49;0.0;1.95;0.0
CRFB3;ATACADÃO S.A.;Consumo não Cíclico;Alimentos;1.19;0.21;0.0;17.83;6.67;1.18;0.0
CRIV3;FINANCEIRA ALFA S.A.- CRED FINANC E INVS;Financeiro;Soc. Crédito e Financiamento;0;0.04;0.01;4.49;0.0;0.89;0.22
CRIV4;FINANCEIRA ALFA S.A.- CRED FINANC E INVS;Financeiro;Soc. Crédito e Financiamento;0.45;0.33;0.34;4.9;9.18;6.73;6.94
CRPG3;TRONOX PIGMENTOS DO BRASIL S.A.;Materiais Básicos;Químicos Diversos;5.76;1.09;0.17;41.3;13.95;2.64;0.41
CRPG5;TRONOX PIGMENTOS DO BRASIL S.A.;Materiais Básicos;Químicos Diversos;5.76;1.08;0.17;37.67;15.29;2.87;0.45
CRPG6;TRONOX PIGMENTOS DO BRASIL S.A.;Materiais Básicos;Químicos Diversos;4.04;0.9;0.17;38.8;10.41;2.32;0.44
CSAB3;CIA SEGUROS ALIANCA DA BAHIA;Financeiro;Seguradoras;1.86;3.3;2.6;65;2.86;5.08;4.0
CSAB4;CIA SEGUROS ALIANCA DA BAHIA;Financeiro;Seguradoras;2.05;3.07;2.02;50;4.1;6.14;4.04
CSAN3;COSAN S.A.;Petróleo. Gás e Biocombustíveis;Exploração. Refino e Distribuição;0.63;0.97;0.74;19.74;3.19;4.91;3.75
CSED3;CRUZEIRO DO SUL EDUCACIONAL S.A.;Consumo Cíclico;Serviços Educacionais;0.19;0.02;0.0;3.21;5.92;0.62;0.0
CSMG3;CIA SANEAMENTO DE MINAS GERAIS-COPASA MG;Utilidade Pública;água e Saneamento;0.8;1.02;0.97;12.48;6.41;8.17;7.77
CSNA3;CIA SIDERURGICA NACIONAL;Materiais Básicos;Siderurgia;1.92;0.72;0.52;19.63;9.78;3.67;2.65
CSRN3;CIA ENERGETICA DO RIO GDE NORTE - COSERN;Utilidade Pública;Energia Elétrica;2.01;0.86;0.89;22.35;8.99;3.85;3.98
CSRN5;CIA ENERGETICA DO RIO GDE NORTE - COSERN;Utilidade Pública;Energia Elétrica;2.21;0.95;0.97;22.4;9.87;4.24;4.33
CSRN6;CIA ENERGETICA DO RIO GDE NORTE - COSERN;Utilidade Pública;Energia Elétrica;2.21;0.93;0.88;22;10.05;4.23;4.0
CTKA3;KARSTEN S.A.;Consumo Cíclico;Fios e Tecidos;0;0.0;0.0;27.5;0.0;0.0;0.0
CTKA4;KARSTEN S.A.;Consumo Cíclico;Fios e Tecidos;0;0.0;0.0;11.55;0.0;0.0;0.0
CTNM3;CIA TECIDOS NORTE DE MINAS COTEMINAS;Consumo Cíclico;Fios e Tecidos;0;0.0;0.0;8.99;0.0;0.0;0.0
CTNM4;CIA TECIDOS NORTE DE MINAS COTEMINAS;Consumo Cíclico;Fios e Tecidos;0;0.0;0.0;2.53;0.0;0.0;0.0
CTSA3;CIA TECIDOS SANTANENSE;Consumo Cíclico;Fios e Tecidos;0;0.3;0.1;1.7;0.0;17.65;5.88
CTSA4;CIA TECIDOS SANTANENSE;Consumo Cíclico;Fios e Tecidos;0;0.16;0.07;0.85;0.0;18.82;8.24
CURY3;CURY CONSTRUTORA E INCORPORADORA S.A.;Consumo Cíclico;Incorporações;0.57;0.06;0.0;6.12;9.31;0.98;0.0
CVCB3;CVC BRASIL OPERADORA E AGÊNCIA DE VIAGENS S.A.;Consumo Cíclico;Viagens e Turismo;0;0.28;0.3;9.3;0.0;3.01;3.23
CXSE3;CAIXA SEGURIDADE PARTICIPAÇÕES S.A.;Financeiro;Seguradoras;0.24;0.02;0.0;7.13;3.37;0.28;0.0
CYRE3;CYRELA BRAZIL REALTY S.A.EMPREEND E PART;Consumo Cíclico;Incorporações;1.09;0.76;0.4;12.19;8.94;6.23;3.28
DASA3;DIAGNOSTICOS DA AMERICA S.A.;Saúde;Serv.Méd.Hospit..Análises e Diagnósticos;0.59;0.23;0.09;17.77;3.32;1.29;0.51
DIRR3;DIRECIONAL ENGENHARIA S.A.;Consumo Cíclico;Incorporações;0.69;0.5;0.53;9.86;7.0;5.07;5.38
DMMO3;DOMMO ENERGIA S.A.;Petróleo. Gás e Biocombustíveis;Exploração. Refino e Distribuição;0;0.0;0.0;1.52;0.0;0.0;0.0
DOHL3;DOHLER S.A.;Consumo Cíclico;Fios e Tecidos;0.19;0.09;0.04;19;1.0;0.47;0.21
DOHL4;DOHLER S.A.;Consumo Cíclico;Fios e Tecidos;0.2;0.17;0.18;5.95;3.36;2.86;3.03
DTCY3;DTCOM - DIRECT TO COMPANY S.A.;Bens Industriais;Serviços Diversos;0;0.0;0.0;7.85;0.0;0.0;0.0
EALT3;ELECTRO ACO ALTONA S.A.;Bens Industriais;Máq. e Equip. Industriais;0.28;0.33;0.19;9.1;3.08;3.63;2.09
EALT4;ELECTRO ACO ALTONA S.A.;Bens Industriais;Máq. e Equip. Industriais;0.31;0.4;0.25;7.13;4.35;5.61;3.51
ECOR3;ECORODOVIAS INFRAESTRUTURA E LOGÍSTICA S.A.;Bens Industriais;Exploração de Rodovias;0;0.48;0.39;6.74;0.0;7.12;5.79
ECPR3;EMPRESA NAC COM REDITO PART S.A.ENCORPAR;Consumo Cíclico;Fios e Tecidos;0;3.17;0.0;90.25;0.0;3.51;0.0
ECPR4;EMPRESA NAC COM REDITO PART S.A.ENCORPAR;Consumo Cíclico;Fios e Tecidos;0;1.14;0.0;90.74;0.0;1.26;0.0
EEEL3;CIA ESTADUAL GER.TRANS.ENER.ELET-CEEE-GT;Utilidade Pública;Energia Elétrica;30.78;10.58;6.66;421.01;7.31;2.51;1.58
EEEL4;CIA ESTADUAL GER.TRANS.ENER.ELET-CEEE-GT;Utilidade Pública;Energia Elétrica;33.86;10.05;7.32;410;8.26;2.45;1.79
EGIE3;ENGIE BRASIL ENERGIA S.A.;Utilidade Pública;Energia Elétrica;2.77;2.28;2.27;40.92;6.77;5.57;5.55
EKTR3;ELEKTRO REDES S.A.;Utilidade Pública;Energia Elétrica;3.03;1.4;1.36;30;10.1;4.67;4.53
EKTR4;ELEKTRO REDES S.A.;Utilidade Pública;Energia Elétrica;3.34;1.55;1.32;27.08;12.33;5.72;4.87
ELET3;CENTRAIS ELET BRAS S.A. - ELETROBRAS;Utilidade Pública;Energia Elétrica;2.39;0.85;0.41;41;5.83;2.07;1.0
ELET5;CENTRAIS ELET BRAS S.A. - ELETROBRAS;Utilidade Pública;Energia Elétrica;3.12;1.63;2.03;64.5;4.84;2.53;3.15
ELET6;CENTRAIS ELET BRAS S.A. - ELETROBRAS;Utilidade Pública;Energia Elétrica;2.62;1.45;1.63;39.7;6.6;3.65;4.11
EMAE3;EMAE - EMPRESA METROP.AGUAS ENERGIA S.A.;Utilidade Pública;Energia Elétrica;7.35;0.93;0.0;26.01;28.26;3.58;0.0
EMAE4;EMAE - EMPRESA METROP.AGUAS ENERGIA S.A.;Utilidade Pública;Energia Elétrica;8.08;1.24;0.3;35;23.09;3.54;0.86
EMBR3;EMBRAER S.A.;Bens Industriais;Material Aeronáutico e de Defesa;0;0.15;0.16;12.05;0.0;1.24;1.33
ENAT3;ENAUTA PARTICIPAÇÕES S.A.;Petróleo. Gás e Biocombustíveis;Exploração. Refino e Distribuição;0.19;0.71;0.15;20.25;0.94;3.51;0.74
ENBR3;EDP - ENERGIAS DO BRASIL S.A.;Utilidade Pública;Energia Elétrica;1.0;0.67;0.68;20.47;4.89;3.27;3.32
ENEV3;ENEVA S.A;Utilidade Pública;Energia Elétrica;0.0;0.0;0.0;14.37;0.0;0.0;0.0
ENGI3;ENERGISA S.A.;Utilidade Pública;Energia Elétrica;0.35;0.17;0.15;13.36;2.62;1.27;1.12
ENGI4;ENERGISA S.A.;Utilidade Pública;Energia Elétrica;0.35;0.18;0.15;7.35;4.76;2.45;2.04
ENMT3;ENERGISA MATO GROSSO-DISTRIBUIDORA DE ENERGIA S/A;Utilidade Pública;Energia Elétrica;5.49;0.89;0.0;83.58;6.57;1.06;0.0
ENMT4;ENERGISA MATO GROSSO-DISTRIBUIDORA DE ENERGIA S/A;Utilidade Pública;Energia Elétrica;4.92;0.92;0.17;83.59;5.89;1.1;0.2
EQMA3B;EQUATORIAL MARANHÃO DISTRIBUIDORA DE ENERGIA S.A.;Utilidade Pública;Energia Elétrica;2.56;0.55;0.0;38.1;6.72;1.44;0.0
EQPA3;EQUATORIAL PARA DISTRIBUIDORA DE ENERGIA S.A.;Utilidade Pública;Energia Elétrica;0.41;0.09;0.03;5;8.2;1.8;0.6
EQPA5;EQUATORIAL PARA DISTRIBUIDORA DE ENERGIA S.A.;Utilidade Pública;Energia Elétrica;0.41;0.09;0.05;6.7;6.12;1.34;0.75
EQPA6;EQUATORIAL PARA DISTRIBUIDORA DE ENERGIA S.A.;Utilidade Pública;Energia Elétrica;0.41;0.1;0.07;10.69;3.84;0.94;0.65
EQPA7;EQUATORIAL PARA DISTRIBUIDORA DE ENERGIA S.A.;Utilidade Pública;Energia Elétrica;0.41;0.09;0.04;6.62;6.19;1.36;0.6
EQTL3;EQUATORIAL ENERGIA S.A.;Utilidade Pública;Energia Elétrica;0.72;0.32;0.22;24.16;2.98;1.32;0.91
ESPA3;MPM CORPÓREOS S.A.;Consumo Cíclico;Produtos Diversos;0.14;0.01;0.0;2.56;5.47;0.39;0.0
ESTR3;MANUFATURA DE BRINQUEDOS ESTRELA S.A.;Consumo Cíclico;Brinquedos e Jogos;0;0.0;0.0;40;0.0;0.0;0.0
ESTR4;MANUFATURA DE BRINQUEDOS ESTRELA S.A.;Consumo Cíclico;Brinquedos e Jogos;0;0.0;0.0;53;0.0;0.0;0.0
ETER3;ETERNIT S.A.;Bens Industriais;Produtos para Construção;0.24;0.29;0.12;11.02;2.18;2.63;1.09
EUCA3;EUCATEX S.A. INDUSTRIA E COMERCIO;Materiais Básicos;Madeira;0.63;0.11;0.05;15;4.2;0.73;0.33
EUCA4;EUCATEX S.A. INDUSTRIA E COMERCIO;Materiais Básicos;Madeira;0.88;0.16;0.06;8.71;10.1;1.84;0.69
EVEN3;EVEN CONSTRUTORA E INCORPORADORA S.A.;Consumo Cíclico;Incorporações;0.83;0.25;0.2;4.68;17.74;5.34;4.27
EZTC3;EZ TEC EMPREEND. E PARTICIPACOES S.A.;Consumo Cíclico;Incorporações;0.85;0.87;0.66;15.08;5.64;5.77;4.38
FESA3;CIA FERRO LIGAS DA BAHIA - FERBASA;Materiais Básicos;Siderurgia;0.76;0.7;0.78;61.99;1.23;1.13;1.26
FESA4;CIA FERRO LIGAS DA BAHIA - FERBASA;Materiais Básicos;Siderurgia;0.84;0.77;0.86;55.4;1.52;1.39;1.55
FHER3;FERTILIZANTES HERINGER S.A.;Materiais Básicos;Fertilizantes e Defensivos;0;0;0.0;15.85;0.0;0.0;0.0
FLRY3;FLEURY S.A.;Saúde;Serv.Méd.Hospit..Análises e Diagnósticos;1.05;0.74;0.85;15.16;6.93;4.88;5.61
FRAS3;FRAS-LE S.A.;Bens Industriais;Material Rodoviário;0.3;0.17;0.16;10.45;2.87;1.63;1.53
FRIO3;METALFRIO SOLUTIONS S.A.;Bens Industriais;Máq. e Equip. Industriais;0;0.0;0.0;41.5;0.0;0.0;0.0
FRTA3;POMIFRUTAS S/A;Consumo não Cíclico;Agricultura;0;0.0;0.0;3.1;0.0;0.0;0.0
GEPA3;RIO PARANAPANEMA ENERGIA S.A.;Utilidade Pública;Energia Elétrica;2.94;3.43;3.39;27.37;10.74;12.53;12.39
GEPA4;RIO PARANAPANEMA ENERGIA S.A.;Utilidade Pública;Energia Elétrica;2.94;3.51;3.39;25.27;11.63;13.89;13.42
GFSA3;GAFISA S.A.;Consumo Cíclico;Incorporações;0;0.09;0.0;1.34;0.0;6.72;0.0
GGBR4;GERDAU S.A.;Materiais Básicos;Siderurgia;3.07;0.51;0.27;27.46;11.18;1.86;0.98
GGPS3;GPS PARTICIPACOES E EMPREENDIMENTOS S.A.;Bens Industriais;Serviços Diversos;0.19;0.02;0.0;12.7;1.5;0.16;0.0
GOAU3;METALURGICA GERDAU S.A.;Materiais Básicos;Siderurgia;2.32;0.4;0.19;10.73;21.62;3.73;1.77
GOAU4;METALURGICA GERDAU S.A.;Materiais Básicos;Siderurgia;2.32;0.4;0.19;11.79;19.68;3.39;1.61
GOLL4;GOL LINHAS AEREAS INTELIGENTES S.A.;Bens Industriais;Transporte Aéreo;0;0;0.0;11.62;0.0;0.0;0.0
GPAR3;CIA CELG DE PARTICIPACOES - CELGPAR;Utilidade Pública;Energia Elétrica;0.05;0.1;0.0;29.5;0.17;0.34;0.0
GPIV33;GP INVESTMENTS. LTD.;Financeiro;Gestão de Recursos e Investimentos;0;0;0.0;4.67;0.0;0.0;0.0
GRND3;GRENDENE S.A.;Consumo Cíclico;Calçados;0.87;0.54;0.49;8.11;10.73;6.66;6.04
GSHP3;GENERAL SHOPPING E OUTLETS DO BRASIL S.A.;Financeiro;Exploração de Imóveis;0;11.36;0.0;25.2;0.0;45.08;0.0
GUAR3;GUARARAPES CONFECCOES S.A.;Consumo Cíclico;Tecidos. Vestuário e Calçados;0.47;0.96;0.69;7.62;6.17;12.6;9.06
HAGA3;HAGA S.A. INDUSTRIA E COMERCIO;Bens Industriais;Produtos para Construção;0;0;0.0;3.05;0.0;0.0;0.0
HAGA4;HAGA S.A. INDUSTRIA E COMERCIO;Bens Industriais;Produtos para Construção;0;0;0.0;1.38;0.0;0.0;0.0
HBOR3;HELBOR EMPREENDIMENTOS S.A.;Consumo Cíclico;Incorporações;0.05;0.29;0.18;2.75;1.82;10.55;6.55
HBTS5;CIA HABITASUL DE PARTICIPACOES;Financeiro;Exploração de Imóveis;0.16;0.51;0.35;44.89;0.36;1.14;0.78
HETA3;HERCULES S.A. FABRICA DE TALHERES;Consumo Cíclico;Utensílios Domésticos;0;0.0;0.0;96;0.0;0.0;0.0
HETA4;HERCULES S.A. FABRICA DE TALHERES;Consumo Cíclico;Utensílios Domésticos;0;0.0;0.0;5.96;0.0;0.0;0.0
HOOT4;HOTEIS OTHON S.A.;Consumo Cíclico;Hotelaria;0;0.0;0.0;2.22;0.0;0.0;0.0
HYPE3;HYPERA S.A.;Saúde;Medicamentos e Outros Produtos;1.23;0.67;0.58;38.9;3.16;1.72;1.49
IGBR3;IGB ELETRÔNICA S/A;Financeiro;Exploração de Imóveis;0.0;0.0;0.0;32;0.0;0.0;0.0
INEP3;INEPAR S.A. INDUSTRIA E CONSTRUCOES;Bens Industriais;Máq. e Equip. Industriais;0.0;0.0;0.0;0.87;0.0;0.0;0.0
INEP4;INEPAR S.A. INDUSTRIA E CONSTRUCOES;Bens Industriais;Máq. e Equip. Industriais;0.0;0.0;0.0;0.88;0.0;0.0;0.0
INTB3;INTELBRAS S.A. IND DE TELEC ELETRONICA BRASILEIRA;Tecnologia da Informação;Computadores e Equipamentos;0.16;0.02;0.0;25.26;0.63;0.08;0.0
IRBR3;IRB - BRASIL RESSEGUROS S.A.;Financeiro;Seguradoras;0;0.1;0.0;2.77;0.0;3.61;0.0
ITSA3;ITAUSA S.A.;Financeiro;Bancos;0.43;0.44;0.43;9.34;4.6;4.71;4.6
ITSA4;ITAUSA S.A.;Financeiro;Bancos;0.43;0.47;0.43;8.89;4.84;5.29;4.84
ITUB3;ITAU UNIBANCO HOLDING S.A.;Financeiro;Bancos;0.91;0.97;0.95;20.69;4.4;4.69;4.59
ITUB4;ITAU UNIBANCO HOLDING S.A.;Financeiro;Bancos;0.91;0.97;0.95;24.1;3.78;4.02;3.94
JALL3;JALLES MACHADO S.A.;Consumo não Cíclico;Açucar e Alcool;0.29;0.03;0.0;9.72;2.98;0.31;0.0
JBSS3;JBS S.A.;Consumo não Cíclico;Carnes e Derivados;4.02;0.53;0.07;34.78;11.56;1.52;0.2
JFEN3;JOAO FORTES ENGENHARIA S.A.;Consumo Cíclico;Incorporações;0;0.03;0.0;0.8;0.0;3.75;0.0
JHSF3;JHSF PARTICIPACOES S.A.;Consumo Cíclico;Incorporações;0.6;0.13;0.09;6.58;9.12;1.98;1.37
JOPA3;JOSAPAR-JOAQUIM OLIVEIRA S.A. - PARTICIP;Consumo não Cíclico;Alimentos Diversos;0.86;0.72;0.61;22.6;3.81;3.19;2.7
JOPA4;JOSAPAR-JOAQUIM OLIVEIRA S.A. - PARTICIP;Consumo não Cíclico;Alimentos Diversos;0.94;0.72;0.67;36;2.61;2.0;1.86
KEPL3;KEPLER WEBER S.A.;Bens Industriais;Máq. e Equip. Industriais;10.51;1.4;0.28;17.4;60.4;8.05;1.61
KLBN11;KLABIN S.A.;Materiais Básicos;Papel e Celulose;0.37;0.46;0.51;21.36;1.73;2.15;2.39
KLBN3;KLABIN S.A.;Materiais Básicos;Papel e Celulose;0.07;0.11;0.11;4.86;1.44;2.26;2.26
KLBN4;KLABIN S.A.;Materiais Básicos;Papel e Celulose;0.07;0.15;0.15;4.17;1.68;3.6;3.6
LCAM3;CIA LOCAÇÃO DAS AMÉRICAS;Consumo Cíclico;Aluguel de carros;0.43;0.24;0.17;23.14;1.86;1.04;0.73
LEVE3;MAHLE-METAL LEVE S.A.;Consumo Cíclico;Automóveis e Motocicletas;0.93;0.97;0.81;24.36;3.82;3.98;3.33
LIGT3;LIGHT S.A.;Utilidade Pública;Energia Elétrica;0.44;0.64;0.31;7.63;5.77;8.39;4.06
LIPR3;ELETROBRÁS PARTICIPAÇÕES S.A. - ELETROPAR;Utilidade Pública;Energia Elétrica;1.11;1.16;0.42;66.1;1.68;1.75;0.64
LJQQ3;LOJAS QUERO-QUERO S/A;Consumo Cíclico;Produtos Diversos;0.14;0.02;0.0;7.7;1.82;0.26;0.0
LLIS3;RESTOQUE COMÉRCIO E CONFECÇÕES DE ROUPAS S.A.;Consumo Cíclico;Tecidos. Vestuário e Calçados;0;0.28;0.03;1.84;0.0;15.22;1.63
LOGG3;LOG COMMERCIAL PROPERTIES;Financeiro;Exploração de Imóveis;0.33;0.07;0.0;20.48;1.61;0.34;0.0
LOGN3;LOG-IN LOGISTICA INTERMODAL S.A.;Bens Industriais;Transporte Hidroviário;0;0.0;0.0;33.64;0.0;0.0;0.0
LPSB3;LPS BRASIL - CONSULTORIA DE IMOVEIS S.A.;Financeiro;Intermediação Imobiliária;0;0.09;0.0;2.72;0.0;3.31;0.0
LREN3;LOJAS RENNER S.A.;Consumo Cíclico;Tecidos. Vestuário e Calçados;0.41;0.91;0.62;24.08;1.7;3.78;2.57
LUPA3;LUPATECH S.A.;Petróleo. Gás e Biocombustíveis;Equipamentos e Serviços;0;0.0;0.0;4.03;0.0;0.0;0.0
LUXM4;TREVISA INVESTIMENTOS S.A.;Bens Industriais;Transporte Hidroviário;1.61;1.35;0.96;83;1.94;1.63;1.16
LWSA3;LOCAWEB SERVIÇOS DE INTERNET S.A.;Tecnologia da Informação;Programas e Serviços;0.0;0.0;0.0;6.31;0.0;0.0;0.0
MAPT3;CEMEPE INVESTIMENTOS S.A.;Outros;Outros;0;0.0;0.0;37;0.0;0.0;0.0
MAPT4;CEMEPE INVESTIMENTOS S.A.;Outros;Outros;0;0.0;0.0;14.17;0.0;0.0;0.0
MDIA3;M.DIAS BRANCO S.A. IND COM DE ALIMENTOS;Consumo não Cíclico;Alimentos Diversos;0.2;0.5;0.46;25.85;0.77;1.93;1.78
MEAL3;INTERNATIONAL MEAL COMPANY ALIMENTACAO S.A.;Consumo Cíclico;Restaurante e Similares;0;0.0;0.0;1.79;0.0;0.0;0.0
MELK3;MELNICK DESENVOLVIMENTO IMOBILIÁRIO S.A.;Consumo Cíclico;Incorporações;0.49;0.05;0.0;3.53;13.88;1.42;0.0
MERC3;MERCANTIL BRASIL FINANC S.A. C.F.I.;Financeiro;Soc. Crédito e Financiamento;0;0.2;0.14;24.1;0.0;0.83;0.58
MERC4;MERCANTIL BRASIL FINANC S.A. C.F.I.;Financeiro;Soc. Crédito e Financiamento;0.52;0.46;0.49;9;5.78;5.11;5.44
MGEL4;MANGELS INDUSTRIAL S.A.;Materiais Básicos;Artefatos de Ferro e Aço;0;0.0;0.0;15.11;0.0;0.0;0.0
MGLU3;MAGAZINE LUIZA S.A.;Consumo Cíclico;Eletrodomésticos;0.02;0.08;0.02;2.9;0.69;2.76;0.69
MILS3;MILLS ESTRUTURAS E SERVIÇOS DE ENGENHARIA S.A.;Bens Industriais;Serviços Diversos;0.19;0.11;0.0;6.73;2.82;1.63;0.0
MMXM3;MMX MINERACAO E METALICOS S.A.;Materiais Básicos;Minerais Metálicos;0;0.0;0.0;14;0.0;0.0;0.0
MNDL3;MUNDIAL S.A. - PRODUTOS DE CONSUMO;Consumo Cíclico;Acessórios;0;0.0;0.0;24.4;0.0;0.0;0.0
MNPR3;MINUPAR PARTICIPACOES S.A.;Consumo não Cíclico;Carnes e Derivados;0;0.0;0.0;7.2;0.0;0.0;0.0
MOAR3;MONTEIRO ARANHA S.A.;Financeiro;Holdings Diversificadas;52.24;13.3;9.14;475;11.0;2.8;1.92
MODL11;BANCO MODAL S.A;Financeiro;Bancos;0.21;0.02;0.0;7.91;2.65;0.25;0.0
MODL3;BANCO MODAL S.A;Financeiro;Bancos;0.03;0.0;0.0;2.97;1.01;0.0;0.0
MODL4;BANCO MODAL S.A;Financeiro;Bancos;0.03;0.0;0.0;2.38;1.26;0.0;0.0
MOVI3;MOVIDA PARTICIPACOES SA;Consumo Cíclico;Aluguel de carros;0.52;0.13;0.0;15.51;3.35;0.84;0.0
MRFG3;MARFRIG GLOBAL FOODS S.A.;Consumo não Cíclico;Carnes e Derivados;4.1;0.41;0.0;15.26;26.87;2.69;0.0
MRSA3B;MRS LOGISTICA S.A.;Bens Industriais;Transporte Ferroviário;0.29;0.51;0.57;38.7;0.75;1.32;1.47
MRSA5B;MRS LOGISTICA S.A.;Bens Industriais;Transporte Ferroviário;0.32;0.35;0.16;33;0.97;1.06;0.48
MRSA6B;MRS LOGISTICA S.A.;Bens Industriais;Transporte Ferroviário;0.32;0.43;0.44;30.97;1.03;1.39;1.42
MRVE3;MRV ENGENHARIA E PARTICIPACOES S.A.;Consumo Cíclico;Incorporações;0.64;0.62;0.38;8.44;7.58;7.35;4.5
MSPA3;CIA MELHORAMENTOS DE SAO PAULO;Materiais Básicos;Papel e Celulose;0;1.24;0.0;50.01;0.0;2.48;0.0
MSPA4;CIA MELHORAMENTOS DE SAO PAULO;Materiais Básicos;Papel e Celulose;0;1.35;0.0;46.5;0.0;2.9;0.0
MTIG4;METALGRAFICA IGUACU S.A.;Materiais Básicos;Embalagens;0;0.04;0.0;40;0.0;0.1;0.0
MTRE3;MITRE REALTY EMPREENDIMENTOS E PARTICIPAÇÕES S.A.;Consumo Cíclico;Incorporações;0.56;0.06;0.0;4.84;11.57;1.24;0.0
MTSA3;METISA METALURGICA TIMBOENSE S.A.;Bens Industriais;Máq. e Equip. Construção e Agrícolas;2.05;0.57;0.5;70;2.93;0.81;0.71
MTSA4;METISA METALURGICA TIMBOENSE S.A.;Bens Industriais;Máq. e Equip. Construção e Agrícolas;2.26;0.72;0.6;38.5;5.87;1.87;1.56
MULT3;MULTIPLAN - EMPREEND IMOBILIARIOS S.A.;Financeiro;Exploração de Imóveis;0.5;0.52;0.5;22.59;2.21;2.3;2.21
MWET3;WETZEL S.A.;Bens Industriais;Material Rodoviário;0;0.0;0.0;16.99;0.0;0.0;0.0
MWET4;WETZEL S.A.;Bens Industriais;Material Rodoviário;0;0.0;0.0;10;0.0;0.0;0.0
MYPK3;IOCHPE MAXION S.A.;Consumo Cíclico;Automóveis e Motocicletas;1.01;0.54;0.44;16.11;6.27;3.35;2.73
NEOE3;NEOENERGIA S.A.;Utilidade Pública;Energia Elétrica;0.36;0.12;0.0;16.99;2.12;0.71;0.0
NGRD3;NEOGRID PARTICIPACOES S.A.;Tecnologia da Informação;Programas e Serviços;0.01;0.0;0.0;2.1;0.48;0.0;0.0
NORD3;NORDON INDUSTRIAS METALURGICAS S.A.;Bens Industriais;Máq. e Equip. Industriais;0;0.0;0.0;9.99;0.0;0.0;0.0
NTCO3;NATURA &CO HOLDING S.A.;Consumo não Cíclico;Produtos de Uso Pessoal;0;0.0;0.0;15.65;0.0;0.0;0.0
NUTR3;NUTRIPLANT INDUSTRIA E COMERCIO S.A.;Materiais Básicos;Fertilizantes e Defensivos;0;0.0;0.0;250;0.0;0.0;0.0
ODER4;CONSERVAS ODERICH S.A.;Consumo não Cíclico;Alimentos Diversos;2.94;0.47;0.09;190;1.55;0.25;0.05
ODPV3;ODONTOPREV S.A.;Saúde;Serv.Méd.Hospit..Análises e Diagnósticos;0.66;0.42;0.36;9.65;6.84;4.35;3.73
OFSA3;OURO FINO SAUDE ANIMAL PARTICIPACOES S.A.;Saúde;Medicamentos e Outros Produtos;0.47;0.2;0.19;21.45;2.19;0.93;0.89
OIBR3;OI S.A.;Comunicações;Telecomunicações;0;0.2;0.0;0.55;0.0;36.36;0.0
OIBR4;OI S.A.;Comunicações;Telecomunicações;0;0.22;0.0;1.08;0.0;20.37;0.0
OSXB3;OSX BRASIL S.A.;Petróleo. Gás e Biocombustíveis;Equipamentos e Serviços;0;0.0;0.0;6.28;0.0;0.0;0.0
PARD3;INSTITUTO HERMES PARDINI S.A.;Saúde;Serv.Méd.Hospit..Análises e Diagnósticos;0.29;0.17;0.11;18.54;1.56;0.92;0.59
PATI3;PANATLANTICA S.A.;Materiais Básicos;Artefatos de Ferro e Aço;2.37;0.51;0.27;74.38;3.19;0.69;0.36
PATI4;PANATLANTICA S.A.;Materiais Básicos;Artefatos de Ferro e Aço;2.37;1.45;1.16;60.2;3.94;2.41;1.93
PCAR3;CIA BRASILEIRA DE DISTRIBUICAO;Consumo não Cíclico;Alimentos;2.18;0.87;0.86;19.65;11.09;4.43;4.38
PDGR3;PDG REALTY S.A. EMPREEND E PARTICIPACOES;Consumo Cíclico;Incorporações;0;0.01;0.0;1.18;0.0;0.85;0.0
PEAB3;CIA PARTICIPACOES ALIANCA DA BAHIA;Financeiro;Holdings Diversificadas;12.78;6.65;2.69;61;20.95;10.9;4.41
PEAB4;CIA PARTICIPACOES ALIANCA DA BAHIA;Financeiro;Holdings Diversificadas;12.43;7.02;2.96;71.01;17.5;9.89;4.17
PETR3;PETROLEO BRASILEIRO S.A. PETROBRAS;Petróleo. Gás e Biocombustíveis;Exploração. Refino e Distribuição;5.65;0.81;0.29;32.91;17.17;2.46;0.88
PETR4;PETROLEO BRASILEIRO S.A. PETROBRAS;Petróleo. Gás e Biocombustíveis;Exploração. Refino e Distribuição;5.65;0.9;0.25;29.65;19.06;3.04;0.84
PETZ3;PET CENTER COMERCIO E PARTICIPACOES S.A.;Consumo Cíclico;Produtos Diversos;0.04;0.01;0.0;11.15;0.36;0.09;0.0
PFRM3;PROFARMA DISTRIB PROD FARMACEUTICOS S.A.;Saúde;Medicamentos e Outros Produtos;0.27;0.08;0.0;3.49;7.74;2.29;0.0
PINE4;BCO PINE S.A.;Financeiro;Bancos;0;0.25;0.2;1.19;0.0;21.01;16.81
PLAS3;PLASCAR PARTICIPACOES INDUSTRIAIS S.A.;Consumo Cíclico;Automóveis e Motocicletas;0;0.0;0.0;7.77;0.0;0.0;0.0
PLPL3;PLANO & PLANO DESENVOLVIMENTO IMOBILIÁRIO S.A.;Consumo Cíclico;Incorporações;0.2;0.02;0.0;2.33;8.58;0.86;0.0
PMAM3;PARANAPANEMA S.A.;Materiais Básicos;Artefatos de Cobre;0;0.15;0.0;6.37;0.0;2.35;0.0
PNVL3;DIMED S.A. DISTRIBUIDORA DE MEDICAMENTOS;Saúde;Medicamentos e Outros Produtos;0.29;0.58;0.19;10.28;2.82;5.64;1.85
POMO3;MARCOPOLO S.A.;Bens Industriais;Material Rodoviário;0.11;0.1;0.11;2.26;4.87;4.42;4.87
POMO4;MARCOPOLO S.A.;Bens Industriais;Material Rodoviário;0.11;0.12;0.11;2.68;4.1;4.48;4.1
POSI3;POSITIVO TECNOLOGIA S.A.;Tecnologia da Informação;Computadores e Equipamentos;0.34;0.06;0.03;6.89;4.93;0.87;0.44
PPLA11;PPLA PARTICIPATIONS LTD.;Financeiro;Gestão de Recursos e Investimentos;0;2.25;0.0;5.41;0.0;41.59;0.0
PRIO3;PETRO RIO S.A.;Petróleo. Gás e Biocombustíveis;Exploração. Refino e Distribuição;0.0;0.0;0.0;27.1;0.0;0.0;0.0
PRNR3;PRINER SERVIÇOS INDUSTRIAIS S.A.;Bens Industriais;Serviços Diversos;0.05;0.01;0.0;6.19;0.81;0.16;0.0
PSSA3;PORTO SEGURO S.A.;Financeiro;Seguradoras;2.61;1.9;1.62;18.73;13.93;10.14;8.65
PTBL3;PBG S/A;Bens Industriais;Produtos para Construção;1.13;0.22;0.11;7.75;14.58;2.84;1.42
PTNT3;PETTENATI S.A. INDUSTRIA TEXTIL;Consumo Cíclico;Fios e Tecidos;0.2;0.12;0.12;13.1;1.53;0.92;0.92
PTNT4;PETTENATI S.A. INDUSTRIA TEXTIL;Consumo Cíclico;Fios e Tecidos;0.2;0.12;0.12;5.55;3.6;2.16;2.16
QUAL3;QUALICORP CONSULTORIA E CORRETORA DE SEGUROS S.A.;Saúde;Serv.Méd.Hospit..Análises e Diagnósticos;2.19;0.93;1.02;12.2;17.95;7.62;8.36
RADL3;RAIA DROGASIL S.A.;Saúde;Medicamentos e Outros Produtos;0.19;0.17;0.13;20.8;0.91;0.82;0.62
RAIL3;RUMO S.A.;Bens Industriais;Transporte Ferroviário;0;0.0;0.0;17.46;0.0;0.0;0.0
RANI3;IRANI PAPEL E EMBALAGEM S.A.;Materiais Básicos;Papel e Celulose;0.35;0.1;0.08;7.04;4.97;1.42;1.14
RAPT3;RANDON S.A. IMPLEMENTOS E PARTICIPACOES;Bens Industriais;Material Rodoviário;0.65;0.21;0.2;8.61;7.55;2.44;2.32
RAPT4;RANDON S.A. IMPLEMENTOS E PARTICIPACOES;Bens Industriais;Material Rodoviário;0.65;0.21;0.2;9.77;6.65;2.15;2.05
RCSL3;RECRUSUL S.A.;Bens Industriais;Material Rodoviário;0;0.0;0.0;2.38;0.0;0.0;0.0
RCSL4;RECRUSUL S.A.;Bens Industriais;Material Rodoviário;0;0.0;0.0;0.77;0.0;0.0;0.0
RDNI3;RNI NEGÓCIOS IMOBILIÁRIOS S.A.;Consumo Cíclico;Incorporações;0.01;0.26;0.01;7.84;0.13;3.32;0.13
RDOR3;Rede DOr São Luiz S.A.;Saúde;Serv.Méd.Hospit..Análises e Diagnósticos;1.38;0.14;0.0;33.2;4.16;0.42;0.0
REDE3;REDE ENERGIA PARTICIPAÇÕES S.A.;Utilidade Pública;Energia Elétrica;0.98;0.16;0.02;5.9;16.61;2.71;0.34
RENT3;LOCALIZA RENT A CAR S.A.;Consumo Cíclico;Aluguel de carros;0.44;0.33;0.31;51.77;0.85;0.64;0.6
RNEW11;RENOVA ENERGIA S.A.;Utilidade Pública;Energia Elétrica;0;0.03;0.0;4.56;0.0;0.66;0.0
RNEW3;RENOVA ENERGIA S.A.;Utilidade Pública;Energia Elétrica;0;0.03;0.0;1.73;0.0;1.73;0.0
RNEW4;RENOVA ENERGIA S.A.;Utilidade Pública;Energia Elétrica;0;0.0;0.0;1.47;0.0;0.0;0.0
ROMI3;INDUSTRIAS ROMI S.A.;Bens Industriais;Máq. e Equip. Industriais;0.78;0.47;0.05;13.1;5.95;3.59;0.38
RPAD3;ALFA HOLDINGS S.A.;Financeiro;Bancos;0;0.0;0.0;6.48;0.0;0.0;0.0
RPAD5;ALFA HOLDINGS S.A.;Financeiro;Bancos;0.55;0.43;0.43;7.8;7.05;5.51;5.51
RPAD6;ALFA HOLDINGS S.A.;Financeiro;Bancos;0;0.0;0.0;4.75;0.0;0.0;0.0
RPMG3;REFINARIA DE PETROLEOS MANGUINHOS S.A.;Petróleo. Gás e Biocombustíveis;Exploração. Refino e Distribuição;0;0.0;0.0;2.29;0.0;0.0;0.0
RSID3;ROSSI RESIDENCIAL S.A.;Consumo Cíclico;Incorporações;0;0.03;0.0;2.11;0.0;1.42;0.0
RSUL4;METALURGICA RIOSULENSE S.A.;Bens Industriais;Material Rodoviário;0.0;0.0;0.0;69.67;0.0;0.0;0.0
SANB11;BCO SANTANDER (BRASIL) S.A.;Financeiro;Bancos;2.84;1.4;1.35;31.1;9.13;4.5;4.34
SANB3;BCO SANTANDER (BRASIL) S.A.;Financeiro;Bancos;1.35;0.62;0.6;14.93;9.04;4.15;4.02
SANB4;BCO SANTANDER (BRASIL) S.A.;Financeiro;Bancos;1.49;0.69;0.65;16.47;9.05;4.19;3.95
SAPR11;CIA SANEAMENTO DO PARANA - SANEPAR;Utilidade Pública;água e Saneamento;0.99;0.46;0.0;19.34;5.12;2.38;0.0
SAPR3;CIA SANEAMENTO DO PARANA - SANEPAR;Utilidade Pública;água e Saneamento;0.18;0.2;0.19;3.79;4.75;5.28;5.01
SAPR4;CIA SANEAMENTO DO PARANA - SANEPAR;Utilidade Pública;água e Saneamento;0.2;0.27;0.23;3.87;5.17;6.98;5.94
SBSP3;CIA SANEAMENTO BASICO EST SAO PAULO;Utilidade Pública;água e Saneamento;0.4;1.14;1.09;43.05;0.93;2.65;2.53
SCAR3;SAO CARLOS EMPREEND E PARTICIPACOES S.A.;Financeiro;Exploração de Imóveis;0.37;0.52;0.4;29.69;1.25;1.75;1.35
SEER3;SER EDUCACIONAL S.A.;Consumo Cíclico;Serviços Educacionais;0.42;0.43;0.28;7.18;5.85;5.99;3.9
SGPS3;SPRINGS GLOBAL PARTICIPACOES S.A.;Consumo Cíclico;Fios e Tecidos;0;0.0;0.0;2.56;0.0;0.0;0.0
SHOW3;T4F ENTRETENIMENTO S.A.;Consumo Cíclico;Produção de Eventos e Shows;0;0.07;0.01;3.36;0.0;2.08;0.3
SHUL3;SCHULZ S.A.;Bens Industriais;Motores . Compressores e Outros;0.25;0.08;0.05;112.01;0.22;0.07;0.04
SHUL4;SCHULZ S.A.;Bens Industriais;Motores . Compressores e Outros;0.28;0.16;0.15;4.48;6.25;3.57;3.35
SIMH3;SIMPAR S.A.;Financeiro;Holdings Diversificadas;0.45;0.04;0.0;10.92;4.12;0.37;0.0
SLCE3;SLC AGRICOLA S.A.;Consumo não Cíclico;Agricultura;1.06;0.99;0.79;52.69;2.01;1.88;1.5
SLED3;SARAIVA LIVREIROS S.A. - EM RECUPERAÇÃO JUDICIAL;Consumo Cíclico;Produtos Diversos;0.0;0.22;0.0;12;0.0;1.83;0.0
SLED4;SARAIVA LIVREIROS S.A. - EM RECUPERAÇÃO JUDICIAL;Consumo Cíclico;Produtos Diversos;0.0;0.22;0.0;3.75;0.0;5.87;0.0
SMTO3;SAO MARTINHO S.A.;Consumo não Cíclico;Açucar e Alcool;2.33;0.55;0.34;45.25;5.15;1.22;0.75
SNSY3;SANSUY S.A. INDUSTRIA DE PLASTICOS;Materiais Básicos;Materiais Diversos;0;0.0;0.0;8.47;0.0;0.0;0.0
SNSY5;SANSUY S.A. INDUSTRIA DE PLASTICOS;Materiais Básicos;Materiais Diversos;0;0.0;0.0;3.03;0.0;0.0;0.0
SNSY6;SANSUY S.A. INDUSTRIA DE PLASTICOS;Materiais Básicos;Materiais Diversos;0;0.0;0.0;11.51;0.0;0.0;0.0
SOND3;SONDOTECNICA ENGENHARIA SOLOS S.A.;Bens Industriais;Engenharia Consultiva;7.74;5.16;1.16;46.01;16.82;11.21;2.52
SOND5;SONDOTECNICA ENGENHARIA SOLOS S.A.;Bens Industriais;Engenharia Consultiva;8.52;7.04;1.49;40;21.3;17.6;3.73
SOND6;SONDOTECNICA ENGENHARIA SOLOS S.A.;Bens Industriais;Engenharia Consultiva;8.52;6.96;1.49;43;19.81;16.19;3.47
SQIA3;SINQIA S.A.;Tecnologia da Informação;Programas e Serviços;0.02;0.06;0.02;17;0.12;0.35;0.12
STBP3;SANTOS BRASIL PARTICIPACOES S.A.;Bens Industriais;Serviços de Apoio e Armazenagem;0.26;0.09;0.02;6.69;3.89;1.35;0.3
SULA11;SUL AMERICA S.A.;Financeiro;Seguradoras;0.37;0.62;0.44;24.88;1.49;2.49;1.77
SULA3;SUL AMERICA S.A.;Financeiro;Seguradoras;0.19;0.24;0.15;8.37;2.27;2.87;1.79
SULA4;SUL AMERICA S.A.;Financeiro;Seguradoras;0.12;0.16;0.0;8.13;1.48;1.97;0.0
SUZB3;SUZANO S.A.;Materiais Básicos;Papel e Celulose;0;0.19;0.14;51.69;0.0;0.37;0.27
TAEE11;TRANSMISSORA ALIANÇA DE ENERGIA ELÉTRICA S.A.;Utilidade Pública;Energia Elétrica;4.5;2.5;2.33;40.34;11.16;6.2;5.78
TASA3;TAURUS ARMAS S.A.;Bens Industriais;Armas e Munições;0;0.01;0.0;18.39;0.0;0.05;0.0
TASA4;TAURUS ARMAS S.A.;Bens Industriais;Armas e Munições;0;0.01;0.0;18.3;0.0;0.05;0.0
TCNO3;TECNOSOLO ENGENHARIA S.A.;Bens Industriais;Engenharia Consultiva;0;0.0;0.0;1.43;0.0;0.0;0.0
TCNO4;TECNOSOLO ENGENHARIA S.A.;Bens Industriais;Engenharia Consultiva;0;0.0;0.0;1.17;0.0;0.0;0.0
TCSA3;TECNISA S.A.;Consumo Cíclico;Incorporações;0;0.24;0.0;2.13;0.0;11.27;0.0
TECN3;TECHNOS S.A.;Consumo Cíclico;Acessórios;0;0.14;0.05;2.38;0.0;5.88;2.1
TEKA3;TEKA-TECELAGEM KUEHNRICH S.A.;Consumo Cíclico;Fios e Tecidos;0;0.0;0.0;26.1;0.0;0.0;0.0
TEKA4;TEKA-TECELAGEM KUEHNRICH S.A.;Consumo Cíclico;Fios e Tecidos;0;0.0;0.0;12.27;0.0;0.0;0.0
TELB3;TELEC BRASILEIRAS S.A. TELEBRAS;Comunicações;Telecomunicações;0;0.0;0.0;31.5;0.0;0.0;0.0
TELB4;TELEC BRASILEIRAS S.A. TELEBRAS;Comunicações;Telecomunicações;0;0.0;0.0;13.9;0.0;0.0;0.0
TEND3;CONSTRUTORA TENDA S.A.;Consumo Cíclico;Incorporações;0.18;0.15;0.0;4.27;4.22;3.51;0.0
TFCO4;TRACK & FIELD CO S.A.;Consumo Cíclico;Vestuário;0.15;0.02;0.0;9.33;1.61;0.21;0.0
TGMA3;TEGMA GESTAO LOGISTICA S.A.;Bens Industriais;Transporte Rodoviário;0.79;0.66;0.57;14.65;5.39;4.51;3.89
TKNO4;TEKNO S.A. - INDUSTRIA E COMERCIO;Materiais Básicos;Artefatos de Ferro e Aço;2.08;2.23;0.8;79.93;2.6;2.79;1.0
TOTS3;TOTVS S.A.;Tecnologia da Informação;Programas e Serviços;0.31;0.39;0.31;26.23;1.18;1.49;1.18
TPIS3;TPI - TRIUNFO PARTICIP. E INVEST. S.A.;Bens Industriais;Exploração de Rodovias;0.04;0.14;0.12;1.36;2.94;10.29;8.82
TRIS3;TRISUL S.A.;Consumo Cíclico;Incorporações;0.24;0.11;0.1;3.4;7.06;3.24;2.94
TRPL3;CTEEP - CIA TRANSMISSÃO ENERGIA ELÉTRICA PAULISTA;Utilidade Pública;Energia Elétrica;3.59;1.78;1.46;30;11.97;5.93;4.87
TRPL4;CTEEP - CIA TRANSMISSÃO ENERGIA ELÉTRICA PAULISTA;Utilidade Pública;Energia Elétrica;3.59;1.77;1.46;22.94;15.65;7.72;6.36
TUPY3;TUPY S.A.;Bens Industriais;Material Rodoviário;0.43;0.63;0.61;23.08;1.86;2.73;2.64
TXRX3;TEXTIL RENAUXVIEW S.A.;Consumo Cíclico;Fios e Tecidos;0;0.0;0.0;26.96;0.0;0.0;0.0
TXRX4;TEXTIL RENAUXVIEW S.A.;Consumo Cíclico;Fios e Tecidos;0;0.0;0.0;5.05;0.0;0.0;0.0
UCAS3;UNICASA INDÚSTRIA DE MÓVEIS S.A.;Consumo Cíclico;Móveis;0.21;0.23;0.09;3;7.0;7.67;3.0
UGPA3;ULTRAPAR PARTICIPACOES S.A.;Petróleo. Gás e Biocombustíveis;Exploração. Refino e Distribuição;0.64;0.87;0.83;12.75;5.02;6.82;6.51
UNIP3;UNIPAR CARBOCLORO S.A.;Materiais Básicos;Químicos Diversos;11.18;1.84;0.23;86.99;12.85;2.12;0.26
UNIP5;UNIPAR CARBOCLORO S.A.;Materiais Básicos;Químicos Diversos;12.3;2.15;0.41;99.12;12.41;2.17;0.41
UNIP6;UNIPAR CARBOCLORO S.A.;Materiais Básicos;Químicos Diversos;12.3;2.03;0.25;97.18;12.66;2.09;0.26
USIM3;USINAS SID DE MINAS GERAIS S.A.-USIMINAS;Materiais Básicos;Siderurgia;1.3;0.16;0.01;9.86;13.18;1.62;0.1
USIM5;USINAS SID DE MINAS GERAIS S.A.-USIMINAS;Materiais Básicos;Siderurgia;1.43;0.19;0.05;10.11;14.14;1.88;0.49
USIM6;USINAS SID DE MINAS GERAIS S.A.-USIMINAS;Materiais Básicos;Siderurgia;1.43;0.17;0.02;14.5;9.86;1.17;0.14
VALE3;VALE S.A.;Materiais Básicos;Minerais Metálicos;12.46;2.66;1.79;84.56;14.74;3.15;2.12
VAMO3;VAMOS LOCAÇÃO DE CAMINHÕES. MÁQUINAS E EQUIP. S.A.;Consumo Cíclico;Aluguel de carros;0.39;0.04;0.0;13.65;2.86;0.29;0.0
VIVA3;VIVARA PARTICIPAÇOES S.A;Consumo Cíclico;Acessórios;0.33;0.06;0.0;21.24;1.55;0.28;0.0
VIVR3;VIVER INCORPORADORA E CONSTRUTORA S.A.;Consumo Cíclico;Incorporações;0;0.0;0.0;0.81;0.0;0.0;0.0
VIVT3;TELEFÔNICA BRASIL S.A;Comunicações;Telecomunicações;3.46;3.1;2.85;46.8;7.39;6.62;6.09
VLID3;VALID SOLUÇÕES S.A.;Bens Industriais;Serviços Diversos;0;0.7;0.67;9.88;0.0;7.09;6.78
VULC3;VULCABRAS S.A.;Consumo Cíclico;Calçados;0.7;0.07;0.0;10.76;6.51;0.65;0.0
WEGE3;WEG S.A.;Bens Industriais;Motores . Compressores e Outros;0.4;0.39;0.33;24;1.67;1.62;1.38
WHRL3;WHIRLPOOL S.A.;Consumo Cíclico;Eletrodomésticos;0.59;0.53;0.43;5;11.8;10.6;8.6
WHRL4;WHIRLPOOL S.A.;Consumo Cíclico;Eletrodomésticos;0.65;0.58;0.47;5.08;12.8;11.42;9.25
WIZS3;WIZ SOLUÇÕES E CORRETAGEM DE SEGUROS S.A.;Financeiro;Corretoras de Seguros;0.61;0.47;0.56;8;7.62;5.88;7.0
WLMM3;WLM PART. E COMÉRCIO DE MÁQUINAS E VEÍCULOS S.A.;Bens Industriais;Material de Transporte;0.91;0.16;0.0;27.84;3.27;0.57;0.0
WLMM4;WLM PART. E COMÉRCIO DE MÁQUINAS E VEÍCULOS S.A.;Bens Industriais;Material de Transporte;1.01;0.64;0.29;30.97;3.26;2.07;0.94
YDUQ3;YDUQS PARTICIPACOES S.A.;Consumo Cíclico;Serviços Educacionais;0.47;0.62;0.4;14.25;3.3;4.35;2.81
